"user_id","country","gender","test_group","device","total"
"1041617","AUS","O","B","I","123.55"
"1045978","CAN","M","B","I","94.39"
"1010867","CAN","F","A","A","150.38"
"1040652","MEX","F","A","I","196.7"
"1018134","BRA","F","A","I","20.87"
"1043963","FRA","M","B","A","55.44"
"1017544","USA","F","A","I","79.39"
"1032604","MEX","F","A","I","159.02"
"1007403","USA","M","B","A","96.62"
"1043895","DEU","M","A","I","49.13"
"1007552","USA","","B","A","91.24"
"1032249","","M","A","I","88.5"
"1018945","USA","F","B","I","67.77"
"1004090","USA","","B","I","14.526966130937174"
"1031855","USA","","B","I","26.2"
"1016724","FRA","F","B","I","57.03"
"1011593","USA","F","B","I","73.3"
"1013853","USA","F","A","I","85.57"
"1019002","BRA","F","A","A","26.702520300897284"
"1001855","USA","","A","A","53.99368738651961"
"1016359","USA","M","A","I","94.34"
"1047965","MEX","M","A","I","44.72"
"1036611","MEX","F","A","A","120.98"
"1021155","MEX","F","B","I","18.3"
"1043539","FRA","M","B","I","38.77"
"1015481","MEX","F","B","A","83.25"
"1032330","USA","","B","A","35.83"
"1013188","USA","F","B","A","55.3"
"1027440","USA","M","B","I","51.91"
"1046912","DEU","F","A","A","92.29"
"1026380","DEU","F","A","I","106.14"
"1047096","USA","F","A","I","45.39"
"1034818","MEX","M","B","I","28.34"
"1026505","MEX","F","A","A","14.25"
"1024505","USA","M","B","I","17.97"
"1013878","USA","F","A","I","56.19"
"1007619","FRA","F","B","A","44.490830205280936"
"1034133","AUS","","B","A","66.6"
"1017742","TUR","F","A","I","49.71"
"1014183","USA","F","B","A","183.34"
"1013176","TUR","F","A","A","162.87"
"1047635","DEU","F","B","A","125.3"
"1010975","BRA","F","B","A","30.115748565876714"
"1029443","GBR","F","B","I","32.49"
"1008476","USA","M","B","A","35.6"
"1021339","ESP","F","B","A","52.69"
"1018539","CAN","F","A","I","29.85"
"1022421","ESP","M","B","I","39.28"
"1019139","CAN","F","B","I","198.6"
"1012339","TUR","F","A","I","84.25"
"1022986","USA","","A","I","88.4"
"1041010","TUR","M","A","I","44.52"
"1038039","USA","F","B","I","36.47"
"1047495","USA","F","A","A","29.12"
"1005793","BRA","M","B","I","56.73"
"1032589","CAN","F","B","A","15.61"
"1018514","GBR","M","B","I","7.64"
"1021715","USA","F","A","A","121.63"
"1023306","USA","F","B","A","60.0"
"1011286","DEU","M","B","I","29.44"
"1011745","TUR","F","A","A","61.14"
"1016200","USA","F","A","I","104.05"
"1037502","TUR","F","A","A","13.028502853749723"
"1006370","USA","","B","A","67.62"
"1047785","DEU","F","B","I","24.89"
"1024748","GBR","F","A","I","62.37"
"1017307","USA","F","B","I","8.66"
"1028212","BRA","M","B","I","69.93"
"1016063","GBR","F","B","I","96.46"
"1016271","TUR","M","B","I","39.76"
"1011857","GBR","M","B","I","76.33"
"1011862","MEX","M","B","I","51.14"
"1040474","MEX","F","B","A","44.42538745484693"
"1045538","AUS","F","A","I","129.67"
"1043307","FRA","F","A","I","45.92"
"1020962","USA","F","B","I","65.39"
"1012372","DEU","","A","A","66.39"
"1025097","GBR","F","B","A","504.20000000000005"
"1007690","BRA","F","B","A","36.37"
"1004908","GBR","F","A","A","41.89"
"1012880","USA","F","B","A","29.57"
"1049589","BRA","","B","A","63.19"
"1031649","BRA","F","B","A","19.69"
"1044819","BRA","F","B","A","31.85"
"1036788","USA","F","B","I","82.73"
"1040816","USA","","A","A","54.75"
"1004101","USA","O","A","A","79.23"
"1014224","USA","F","B","A","58.61"
"1016262","DEU","F","B","A","58.32073687569938"
"1033523","USA","F","A","I","174.0"
"1029684","TUR","M","B","I","57.38"
"1047911","BRA","F","B","I","53.7"
"1027512","USA","F","B","A","135.66"
"1030218","USA","F","B","I","46.13"
"1003519","GBR","M","B","A","37.96"
"1015933","DEU","M","A","I","52.96"
"1032466","BRA","F","A","I","128.1"
"1017791","USA","M","B","A","59.17"
"1047770","DEU","F","B","A","156.64"
"1032823","MEX","F","B","I","51.3"
"1016286","BRA","","B","A","29.71"
"1022082","BRA","F","A","A","116.28"
"1018463","CAN","F","B","I","43.39"
"1047411","BRA","F","A","A","64.94"
"1007502","DEU","F","A","A","156.73"
"1022619","USA","F","B","A","61.51"
"1045599","DEU","F","A","I","48.4"
"1042411","USA","F","B","I","162.86"
"1008073","MEX","F","B","I","34.25"
"1016124","ESP","F","B","A","104.24"
"1023930","FRA","","B","I","109.78"
"1046864","USA","M","A","I","9.746687517298996"
"1008724","USA","M","A","A","89.31"
"1004623","USA","M","A","A","39.16"
"1047318","USA","F","A","A","20.862368264025076"
"1019256","USA","M","B","I","65.51"
"1026173","BRA","F","B","A","17.02"
"1014428","DEU","F","A","I","26.54"
"1032588","USA","","B","A","106.32"
"1019278","USA","M","A","I","59.57"
"1038588","GBR","F","A","I","13.15"
"1034200","CAN","M","B","A","35.0"
"1027350","","M","B","I","122.87"
"1017671","DEU","M","B","A","182.93"
"1024162","USA","F","B","I","95.39"
"1037803","USA","F","B","A","41.57"
"1045128","USA","F","B","A","20.87"
"1010063","USA","F","A","I","26.77"
"1018679","USA","M","B","I","63.29"
"1020700","USA","F","B","A","161.94"
"1015258","USA","F","B","I","45.74"
"1042396","GBR","","B","I","127.74"
"1014543","DEU","F","B","I","19.73"
"1028578","","F","A","A","150.73"
"1032430","BRA","M","B","A","37.5"
"1002430","CAN","M","B","A","38.94"
"1004128","DEU","","B","A","15.46"
"1016839","FRA","M","A","I","91.93"
"1037883","MEX","","A","I","237.45"
"1007625","USA","F","A","I","3.941679991948978"
"1048624","CAN","F","B","A","14.37"
"1049415","USA","F","B","I","53.14"
"1027051","CAN","M","B","I","18.03"
"1019210","BRA","F","A","I","208.73"
"1020801","MEX","F","A","A","128.37"
"1014039","USA","F","B","A","88.66"
"1026025","USA","M","A","I","74.81"
"1009596","BRA","M","B","I","38.52"
"1049766","FRA","F","B","A","61.07"
"1003759","USA","M","A","I","12.27"
"1014965","BRA","F","A","A","56.38"
"1015657","USA","","B","I","66.13"
"1049658","TUR","M","B","A","61.86"
"1045841","","F","A","I","7.953405099640904"
"1016879","CAN","F","A","A","68.41"
"1042262","USA","M","A","I","76.2"
"1045027","USA","F","A","A","90.4"
"1036466","GBR","F","B","A","69.04"
"1003142","FRA","F","A","I","77.71"
"1022917","FRA","M","B","I","56.83"
"1009906","USA","M","A","I","111.6"
"1027461","BRA","M","B","I","24.74"
"1041762","CAN","F","B","A","87.89"
"1030623","GBR","F","A","A","27.18"
"1024218","BRA","F","B","I","66.29"
"1036075","BRA","M","A","I","136.4"
"1044072","USA","F","B","I","114.8"
"1037680","DEU","F","B","A","81.77"
"1001185","FRA","M","B","A","14.56"
"1038280","USA","F","B","A","36.58"
"1041568","BRA","F","B","I","50.7"
"1019282","USA","M","B","A","13.75"
"1030934","USA","M","B","I","77.51"
"1033052","USA","M","B","I","58.15"
"1014323","USA","F","A","A","103.44"
"1030673","MEX","F","A","I","72.91"
"1001185","FRA","M","B","A","2.6266703748025315"
"1033380","USA","M","B","I","26.1"
"1018350","GBR","M","A","I","139.02"
"1031597","USA","","A","I","36.01"
"1040267","USA","F","A","I","74.24"
"1007908","FRA","F","A","I","52.27"
"1024755","BRA","F","A","A","33.48"
"1046778","USA","F","A","I","95.62"
"1029052","USA","M","B","A","34.84"
"1017826","USA","M","B","I","62.28"
"1026504","USA","","A","I","5.44"
"1007654","MEX","","B","I","40.53"
"1030282","TUR","F","A","A","13.36"
"1041862","TUR","","B","A","31.86"
"1041807","USA","F","B","A","18.57"
"1015053","AUS","M","A","I","85.33"
"1019808","MEX","F","B","A","137.73"
"1026374","BRA","F","A","I","129.68"
"1026885","FRA","","A","A","12.96"
"1032555","BRA","M","A","I","180.32"
"1027442","USA","F","B","I","30.36840419473716"
"1027166","MEX","F","A","I","121.84"
"1015999","USA","F","B","A","39.69"
"1017184","USA","F","A","I","111.05"
"1040840","TUR","","B","I","92.38"
"1043134","ESP","F","B","I","59.79"
"1030499","BRA","","B","A","80.37"
"1037523","MEX","F","B","A","31.55"
"1035542","ESP","F","B","I","60.52"
"1023504","USA","F","B","I","60.71"
"1008745","TUR","F","B","I","26.52"
"1048302","DEU","M","B","A","21.611622746030584"
"1025525","BRA","F","B","A","52.31"
"1019021","USA","","B","A","44.68"
"1035832","USA","F","A","I","33.85"
"1036575","USA","F","B","A","8.69"
"1004578","USA","M","B","I","17.49"
"1015329","BRA","M","A","I","75.62"
"1038805","USA","","B","A","22.15"
"1000237","USA","M","B","I","13.17"
"1037000","USA","F","B","I","35.49"
"1012501","GBR","O","A","A","26.84"
"1039715","BRA","F","B","A","36.71"
"1048858","","F","A","I","26.05"
"1041529","USA","M","B","A","79.36"
"1026917","MEX","M","B","I","26.85"
"1027076","GBR","F","B","I","66.8"
"1040303","USA","M","B","A","17.64"
"1023109","TUR","F","B","I","74.51"
"1020620","USA","F","A","I","30.15"
"1035018","MEX","F","B","I","188.95"
"1001827","USA","F","B","I","122.48"
"1047807","ESP","F","A","A","55.28"
"1034005","FRA","","B","I","19.3"
"1024196","GBR","F","B","I","39.98"
"1007249","BRA","M","A","I","176.88"
"1026007","ESP","F","A","I","95.88"
"1043062","FRA","M","A","I","158.36"
"1035026","USA","","A","A","37.03"
"1006270","FRA","F","B","A","21.18"
"1011418","FRA","F","B","A","63.33"
"1013330","MEX","","B","A","89.12"
"1019859","ESP","M","A","I","45.55"
"1002664","USA","F","A","I","27.838385031132844"
"1006799","FRA","M","A","I","149.82"
"1033117","USA","M","B","A","20.47"
"1037516","USA","F","A","I","34.23"
"1029444","MEX","F","B","I","35.18"
"1018988","MEX","M","B","I","46.48"
"1030642","USA","M","A","A","70.8"
"1002535","MEX","M","A","A","109.17"
"1015333","BRA","M","A","I","41.11"
"1033728","USA","M","A","A","135.82"
"1012303","CAN","M","A","A","63.12"
"1004013","USA","M","B","I","22.98"
"1024676","BRA","F","B","I","37.45"
"1013141","USA","M","A","A","112.67"
"1037144","ESP","F","A","A","90.63"
"1033285","USA","M","B","A","27.82"
"1014895","USA","M","A","I","140.24"
"1019940","MEX","F","A","I","335.1"
"1021450","BRA","M","A","I","67.38"
"1037296","BRA","M","A","I","133.28"
"1013686","CAN","M","B","I","99.87"
"1047771","USA","M","A","A","86.6"
"1031938","BRA","F","B","A","8.28"
"1034321","CAN","F","A","I","69.79"
"1008910","USA","","A","A","112.14"
"1024291","CAN","F","B","A","80.62"
"1016617","USA","M","B","I","69.58"
"1020099","USA","M","B","I","112.01"
"1031239","FRA","","B","A","109.53"
"1009816","DEU","M","B","I","31.48"
"1006106","MEX","F","A","I","40.74"
"1039156","BRA","M","B","A","12.08"
"1009476","USA","F","A","I","101.56"
"1021197","MEX","F","B","I","86.92"
"1002814","USA","F","B","I","78.81"
"1017600","MEX","F","B","A","53.19"
"1026801","USA","F","A","I","57.18"
"1004313","USA","","A","I","105.71"
"1047127","GBR","F","A","I","95.05"
"1011746","BRA","F","B","A","154.22"
"1019834","GBR","M","B","A","101.83"
"1023937","MEX","F","A","I","21.89"
"1012527","TUR","","A","I","38.39"
"1006113","BRA","F","A","I","11.76"
"1039909","BRA","","B","I","161.54"
"1008685","USA","F","B","A","4.08645303876167"
"1004444","USA","","B","I","52.6"
"1049729","USA","F","B","A","122.73"
"1014151","FRA","F","A","I","53.22"
"1031208","CAN","M","A","I","50.56"
"1023714","USA","M","B","I","28.14"
"1008085","USA","M","A","A","1266.8000000000002"
"1030059","USA","","A","A","26.68"
"1032793","USA","F","A","I","204.69"
"1030983","BRA","M","B","I","20.04"
"1007619","FRA","F","B","A","60.16"
"1012693","MEX","F","A","I","130.81"
"1003616","DEU","F","B","A","84.2"
"1003248","BRA","M","B","A","59.93"
"1008948","FRA","F","B","I","19.98"
"1020176","FRA","O","B","I","130.18"
"1030220","USA","M","A","A","63.14"
"1019618","ESP","O","B","I","211.78"
"1007891","MEX","F","B","A","16.9"
"1001016","BRA","","B","A","63.01"
"1005242","BRA","","B","A","46.48"
"1000039","GBR","F","B","A","36.65"
"1027300","BRA","F","A","A","43.82"
"1036377","BRA","F","A","A","60.27"
"1048842","MEX","F","A","I","132.19"
"1019301","DEU","F","A","I","61.06"
"1046379","USA","M","B","I","55.38"
"1045960","TUR","F","A","I","77.9"
"1025491","DEU","","B","I","68.26"
"1017801","TUR","F","A","I","40.89"
"1009830","MEX","F","A","I","57.99"
"1028576","FRA","F","A","A","94.36"
"1043648","MEX","F","A","I","82.57"
"1018970","USA","M","A","I","142.11"
"1007932","DEU","F","B","I","36.34"
"1027801","MEX","F","A","A","35.99"
"1000185","MEX","F","B","I","53.07"
"1024995","TUR","F","B","A","14.22"
"1021419","BRA","","B","A","14.93"
"1039384","USA","F","A","I","53.32"
"1038905","FRA","F","A","A","84.08250109959654"
"1015526","GBR","M","B","I","53.26"
"1034863","GBR","F","A","I","49.17"
"1039175","BRA","F","B","A","83.08"
"1033838","AUS","","B","A","46.12"
"1015449","USA","","A","I","28.1"
"1002550","BRA","M","B","I","125.83"
"1026873","USA","M","B","I","27.92"
"1028295","MEX","M","A","I","108.74911798266913"
"1004454","MEX","M","B","I","75.07"
"1004774","USA","F","B","A","63.59"
"1048742","BRA","M","B","A","54.67"
"1036896","DEU","M","B","I","53.79"
"1041923","USA","M","A","I","38.63"
"1008420","DEU","M","B","I","43.32"
"1047464","BRA","F","B","I","45.17"
"1045058","USA","F","B","I","146.78"
"1043347","USA","","A","I","35.29"
"1018908","USA","F","B","I","24.73"
"1024055","USA","M","A","I","116.08"
"1016433","MEX","F","B","I","765.1"
"1038126","USA","F","A","A","38.86"
"1006774","USA","F","B","A","75.51"
"1031730","TUR","F","A","I","48.99"
"1011732","FRA","","B","I","42.71372701615216"
"1003206","USA","F","A","A","50.03"
"1034225","USA","","B","I","58.53"
"1001728","MEX","M","B","I","107.63"
"1018725","GBR","F","B","A","11.39"
"1046431","USA","F","B","A","52.48"
"1006811","USA","F","A","I","42.42"
"1008155","MEX","M","A","A","15.8"
"1046864","USA","M","A","I","29.09"
"1017649","USA","F","A","I","44.37"
"1034464","USA","","B","I","115.61"
"1026749","FRA","F","A","A","44.47"
"1007674","USA","F","B","A","86.18"
"1047622","USA","M","A","I","56.75"
"1018482","CAN","F","B","A","42.82"
"1003802","BRA","","B","A","38.98"
"1003011","MEX","","A","A","18.9"
"1018820","MEX","M","B","I","42.0"
"1009458","MEX","","B","I","72.78"
"1038631","FRA","M","B","I","22.67"
"1018562","MEX","F","B","I","69.73221957677015"
"1031672","TUR","F","A","A","14.43"
"1004325","BRA","M","B","A","161.46"
"1002163","USA","F","A","A","274.29"
"1031028","GBR","M","B","I","49.01"
"1015640","DEU","F","B","A","112.49"
"1028970","USA","","A","A","40.51"
"1024197","USA","M","B","A","28.15"
"1010975","BRA","F","B","A","44.21"
"1027106","GBR","F","A","I","111.82"
"1004202","USA","M","A","I","67.12"
"1020763","USA","","B","A","35.77"
"1014183","USA","F","B","A","64.58334645450121"
"1036867","BRA","M","B","A","90.99"
"1025834","USA","","B","A","46.52"
"1038733","MEX","F","B","A","35.0008796139936"
"1025024","TUR","F","A","I","114.80430352476232"
"1033863","USA","M","A","I","23.31"
"1001248","BRA","M","B","I","48.6"
"1020325","USA","M","A","I","145.94409540138568"
"1017390","BRA","M","B","I","42.94"
"1019422","TUR","M","B","I","65.57"
"1027602","GBR","F","B","I","103.23"
"1024144","GBR","F","B","I","33.09"
"1013897","ESP","F","A","I","14.14"
"1043975","BRA","F","A","I","54.15"
"1029472","BRA","M","A","I","58.62"
"1047709","CAN","","A","A","144.48"
"1011554","USA","","B","A","48.66"
"1001155","USA","F","A","A","58.76"
"1033394","USA","M","B","I","58.7"
"1014608","USA","F","B","A","107.89"
"1022336","DEU","","B","I","137.64"
"1001037","USA","F","B","I","879.0999999999999"
"1040474","MEX","F","B","A","60.43"
"1037215","DEU","F","A","I","104.44030255766054"
"1003941","MEX","","A","","844.7"
"1045519","USA","","B","A","21.75"
"1029810","TUR","","A","I","53.61"
"1018502","DEU","M","A","I","400.90000000000003"
"1033604","USA","M","A","A","62.090126587176876"
"1011950","USA","M","A","A","144.11"
"1009599","BRA","F","B","I","86.33"
"1035916","USA","F","B","A","49.41"
"1032856","GBR","O","B","I","63.53"
"1028760","GBR","F","A","A","65.88"
"1015711","TUR","M","B","A","57.71"
"1016311","BRA","M","B","I","46.7"
"1031596","TUR","","A","I","122.85"
"1024924","CAN","M","A","I","38.85"
"1023923","DEU","M","A","I","26.4"
"1044839","USA","F","B","I","110.7"
"1033518","DEU","F","B","A","48.41"
"1017773","DEU","","B","I","51.83"
"1044101","TUR","F","A","A","229.02"
"1011637","USA","F","B","I","40.38"
"1009818","USA","F","B","I","14.492330160358035"
"1046351","USA","M","B","A","59.91"
"1017718","","F","B","I","94.41"
"1014376","USA","F","A","A","35.11"
"1005312","CAN","F","B","A","85.32"
"1037136","USA","M","A","A","72.96"
"1010783","MEX","F","A","I","121.18"
"1017270","BRA","","B","I","17.51"
"1006564","USA","M","B","I","27.938206472303413"
"1010057","USA","F","A","I","35.21"
"1013108","CAN","M","A","I","113.85"
"1048698","GBR","F","A","I","43.39"
"1017925","USA","F","B","I","27.89"
"1024588","BRA","F","B","I","87.0"
"1046638","GBR","F","B","A","86.9"
"1024063","TUR","F","A","A","117.23"
"1021801","FRA","F","B","A","53.58"
"1000669","BRA","M","A","I","176.83"
"1017069","USA","M","B","I","27.18"
"1022519","BRA","M","B","I","27.68"
"1030317","BRA","","B","A","59.62"
"1031188","TUR","F","A","A","92.72"
"1042633","MEX","F","B","A","18.38"
"1048156","","F","A","A","55.24"
"1037419","USA","M","B","I","36.43"
"1042423","MEX","F","B","A","89.24"
"1030201","BRA","","B","I","315.79999999999995"
"1016009","USA","F","B","A","25.72"
"1014964","MEX","F","A","I","195.25"
"1042359","MEX","F","A","I","96.44"
"1011526","USA","M","B","A","47.72"
"1016536","GBR","F","B","I","50.45"
"1016124","ESP","F","B","A","6.42474302586049"
"1025352","MEX","F","B","I","40.52"
"1040319","TUR","","A","A","83.85"
"1039606","TUR","M","B","A","84.54"
"1006869","FRA","M","B","I","29.33"
"1049315","BRA","F","B","A","96.08"
"1045644","MEX","M","A","I","60.62"
"1025321","BRA","M","B","A","107.21"
"1026745","USA","","B","I","15.06"
"1042607","AUS","F","A","I","52.61"
"1030615","FRA","","B","I","29.7"
"1040722","GBR","F","B","A","32.97"
"1044176","CAN","F","A","A","92.1"
"1040761","TUR","M","B","A","50.05"
"1038439","BRA","F","A","A","200.89"
"1048340","USA","M","B","A","67.99"
"1041356","BRA","","A","I","82.01"
"1014804","MEX","M","B","I","0.3403202784597714"
"1048938","BRA","M","A","I","24.18"
"1048373","USA","","A","A","83.52"
"1038144","DEU","F","A","A","22.6"
"1031608","USA","M","B","A","77.28"
"1032138","BRA","M","A","A","76.98"
"1021929","TUR","F","B","I","94.16"
"1007838","MEX","F","A","A","80.61"
"1003930","USA","F","A","A","80.17"
"1028224","USA","F","A","I","60.79"
"1021398","USA","M","B","A","56.16"
"1023980","BRA","F","A","I","0.8747567382581928"
"1039161","USA","F","A","I","31.08"
"1010452","USA","","B","A","119.04"
"1005816","TUR","F","B","I","43.52"
"1012896","USA","F","A","A","17.63"
"1031917","USA","","B","","67.72"
"1012391","USA","","A","I","45.87"
"1032615","BRA","F","A","A","56.9"
"1016281","USA","","B","I","248.11"
"1013891","CAN","F","A","I","45.48"
"1029583","FRA","F","A","A","77.62"
"1044625","USA","F","A","A","16.07"
"1021823","USA","M","B","A","44.71"
"1024350","USA","F","A","A","163.42"
"1036737","DEU","F","A","A","47.33"
"1013793","FRA","F","A","I","5.42"
"1047263","MEX","M","B","A","34.96"
"1009482","FRA","F","A","I","41.26"
"1034599","ESP","","A","A","55.74"
"1009852","BRA","F","B","A","22.0"
"1027638","USA","F","B","I","20.83"
"1013084","TUR","","B","I","102.98"
"1047532","BRA","M","B","I","37.7"
"1005021","BRA","F","A","I","53.21"
"1047136","MEX","F","B","I","67.68"
"1017060","FRA","M","B","I","50.71"
"1035145","BRA","F","B","I","47.23"
"1018719","TUR","M","B","A","46.71"
"1047062","USA","M","B","I","60.4"
"1048027","DEU","F","A","A","44.63"
"1021037","ESP","M","B","I","32.19"
"1013110","USA","","B","I","145.11"
"1046717","USA","F","B","A","28.11"
"1001842","BRA","F","A","A","45.97"
"1024556","CAN","F","B","A","45.64"
"1018575","ESP","","B","I","121.37"
"1007937","BRA","M","B","I","70.07"
"1037888","BRA","F","A","I","50.24"
"1000937","GBR","F","B","","122.28"
"1009958","BRA","F","A","A","48.31"
"1032735","USA","F","A","I","166.06"
"1019909","GBR","F","A","I","77.52"
"1042915","USA","","B","I","97.38"
"1008012","USA","M","A","I","23.95"
"1007351","BRA","O","B","I","85.45"
"1040522","BRA","F","A","A","22.358850329696914"
"1025717","DEU","M","B","A","64.39"
"1047738","USA","F","A","I","46.94"
"1046097","USA","M","B","I","75.37"
"1022831","USA","","A","I","85.55"
"1025470","TUR","F","A","I","149.69"
"1029407","MEX","M","A","A","58.76"
"1045618","ESP","F","A","I","124.86"
"1018933","AUS","","A","I","31.56"
"1027609","BRA","","A","I","2.32"
"1010292","BRA","F","B","A","37.03"
"1048483","BRA","F","B","I","54.22"
"1028032","USA","M","A","A","79.33"
"1022033","BRA","F","A","A","229.7"
"1012413","GBR","F","B","A","23.23"
"1026220","BRA","M","A","I","65.79"
"1010183","USA","","B","A","49.26"
"1013334","BRA","F","A","A","56.57"
"1027467","MEX","F","A","I","73.13"
"1010495","USA","F","A","A","191.35"
"1039148","USA","","A","I","31.16"
"1030735","BRA","F","B","A","92.85"
"1011467","FRA","F","A","I","136.01"
"1011070","USA","M","A","A","95.67"
"1001682","BRA","M","B","I","23.51"
"1026421","TUR","M","A","I","87.07"
"1046450","MEX","F","B","I","120.68"
"1009293","MEX","F","B","I","57.91"
"1044190","BRA","M","B","I","7.299479898438943"
"1026298","DEU","M","B","I","21.63"
"1011817","USA","O","A","I","47.49"
"1024336","USA","M","B","A","22.06"
"1019349","USA","","B","I","65.57"
"1036896","DEU","M","B","I","51.09275865059553"
"1024688","DEU","F","B","A","18.71"
"1003174","MEX","F","A","I","100.82"
"1001685","FRA","M","B","A","83.37"
"1022237","GBR","","B","I","126.66"
"1037141","FRA","F","B","A","105.19"
"1031850","CAN","","B","I","32.89"
"1026429","TUR","F","A","","53.05"
"1001500","USA","F","B","I","31.896301175435678"
"1026574","USA","F","A","A","89.7"
"1018529","BRA","","B","","32.88"
"1000546","FRA","F","A","A","61.12"
"1025481","USA","F","B","A","90.06"
"1042128","BRA","F","A","I","23.103640368153126"
"1027905","TUR","F","B","A","21.59"
"1021607","GBR","M","A","I","111.95"
"1031277","MEX","F","B","A","26.03"
"1016039","DEU","M","B","I","38.97"
"1008421","BRA","F","A","I","22.23"
"1022602","USA","M","A","I","138.7"
"1045878","AUS","F","B","A","45.27"
"1005100","BRA","F","B","I","71.97"
"1014807","USA","F","B","I","78.18"
"1049097","USA","M","A","A","119.64"
"1042953","USA","F","A","I","27.34"
"1036805","GBR","F","A","A","62.09"
"1037783","USA","","A","I","46.74"
"1033470","USA","","B","A","77.61"
"1008885","CAN","F","B","A","152.41"
"1035953","FRA","F","B","I","104.7"
"1027544","FRA","","A","I","26.99"
"1030319","TUR","F","B","I","148.0"
"1004990","TUR","M","B","","44.04360487098238"
"1005432","BRA","F","A","A","65.36"
"1011339","DEU","F","B","A","14.177654831020117"
"1015387","BRA","F","B","I","76.6"
"1001500","USA","F","B","I","42.32"
"1031965","DEU","O","A","A","28.53"
"1043395","BRA","F","A","I","68.84"
"1013143","CAN","O","B","A","35.78"
"1003816","BRA","","A","A","173.55"
"1045871","USA","M","B","A","18.39"
"1041273","USA","M","B","I","170.49"
"1018155","MEX","","B","I","32.28"
"1017287","USA","F","B","A","20.62"
"1037406","BRA","F","B","A","9.89"
"1040548","CAN","","B","A","71.61"
"1018243","ESP","F","A","I","68.11"
"1044459","USA","F","A","A","99.26"
"1028489","BRA","F","B","I","85.98"
"1043763","BRA","","B","A","12.57"
"1025911","USA","M","A","I","37.41"
"1006679","TUR","","B","I","42.57"
"1017347","FRA","F","B","I","38.16"
"1009810","BRA","F","A","I","854.8000000000001"
"1012091","BRA","F","B","A","31.91"
"1016374","BRA","F","A","I","99.88"
"1034638","USA","M","A","A","111.76"
"1017791","USA","M","B","A","0.6073095165713486"
"1017435","USA","M","B","A","5.05"
"1031412","USA","M","A","A","22.39"
"1006628","USA","","A","I","24.14"
"1040392","TUR","M","B","I","58.94"
"1006149","BRA","O","A","A","18.33"
"1016262","DEU","F","B","A","61.53"
"1023134","TUR","F","B","A","90.69"
"1001137","USA","M","B","I","101.75"
"1008075","GBR","F","A","I","84.71"
"1007984","USA","F","A","A","58.7"
"1045456","DEU","M","B","I","93.16"
"1038825","USA","M","A","A","57.59"
"1033487","BRA","F","B","I","87.36"
"1005662","USA","F","B","I","58.1"
"1047053","BRA","F","B","I","31.39"
"1000101","MEX","F","B","A","11.34"
"1038579","BRA","F","B","I","23.9"
"1016952","TUR","M","A","A","84.65"
"1032050","CAN","M","A","I","69.46"
"1024948","FRA","M","B","A","60.9"
"1012366","TUR","","A","I","143.61"
"1042775","USA","O","A","A","45.57"
"1044965","USA","M","B","I","58.79"
"1011027","DEU","F","B","A","13.81"
"1032380","USA","F","B","I","67.92"
"1020890","USA","M","B","A","133.03"
"1009034","FRA","F","A","I","9.58"
"1035202","BRA","","A","A","116.01"
"1004076","FRA","F","A","I","64.31"
"1026581","GBR","F","B","A","73.28"
"1014480","TUR","F","A","I","105.5"
"1036427","USA","F","B","I","93.88"
"1006254","BRA","M","B","I","70.65"
"1016122","TUR","","A","I","13.17"
"1022237","GBR","","B","I","111.06796965976744"
"1030480","BRA","F","B","I","21.42"
"1022466","ESP","F","B","I","14.1"
"1040824","ESP","F","B","I","39.51"
"1017817","","O","A","I","51.72"
"1036624","USA","F","A","A","96.96"
"1006595","FRA","F","B","I","19.1"
"1034524","FRA","O","B","I","25.61"
"1045615","GBR","F","A","I","39.093419058520155"
"1015499","USA","M","A","A","57.73"
"1028180","USA","M","B","A","38.89"
"1005248","DEU","M","B","I","59.22"
"1017584","USA","F","A","A","51.78"
"1007616","AUS","F","A","A","136.76"
"1030263","BRA","F","B","A","45.09"
"1019989","BRA","M","B","I","80.56"
"1023816","USA","F","B","I","9.19"
"1008167","ESP","","B","A","30.34"
"1002892","USA","","B","A","54.37"
"1023001","CAN","","B","A","63.06"
"1004134","MEX","M","B","I","50.37"
"1039030","BRA","F","B","I","17.21"
"1020270","FRA","","A","I","45.67"
"1019871","BRA","F","A","I","60.0"
"1019209","GBR","F","B","I","121.11"
"1023963","USA","F","A","I","59.31"
"1044804","CAN","M","B","A","53.65"
"1004174","USA","M","A","I","42.54"
"1039136","MEX","","A","I","87.11"
"1002070","BRA","O","A","I","49.39"
"1027669","ESP","O","A","A","115.4"
"1022692","USA","F","A","I","523.6"
"1039062","GBR","M","A","I","127.82"
"1044703","USA","M","B","A","68.49"
"1012781","USA","F","A","A","35.87"
"1039195","BRA","F","B","I","9.5"
"1007878","BRA","M","B","A","177.72"
"1017400","USA","F","B","A","107.98"
"1029501","USA","F","A","I","51.94"
"1015828","USA","M","B","I","30.05"
"1009142","USA","F","B","A","12.98"
"1044255","TUR","F","A","I","147.24"
"1004902","GBR","M","B","I","35.86"
"1048673","MEX","F","B","A","21.89"
"1024840","FRA","","A","I","42.46"
"1023745","BRA","F","B","I","872.9000000000001"
"1024976","MEX","M","B","A","30.75"
"1048808","USA","O","B","A","93.44"
"1018884","MEX","F","B","I","91.96"
"1016286","BRA","","B","A","18.502915712415245"
"1049616","USA","","B","I","23.726531543027388"
"1033360","USA","M","B","A","62.18"
"1046550","USA","M","B","A","37.96"
"1024287","USA","M","A","I","75.5"
"1026358","USA","","A","I","93.4"
"1035047","GBR","F","A","A","54.01"
"1028504","BRA","","B","I","54.34"
"1031120","MEX","M","A","I","38.48"
"1030647","USA","F","B","A","97.33"
"1012689","BRA","F","B","A","42.31"
"1045900","GBR","O","B","A","92.77"
"1033989","BRA","F","A","A","34.54"
"1023599","USA","F","A","I","79.97"
"1042254","BRA","M","A","I","51.27"
"1024440","USA","F","A","I","63.8"
"1020316","GBR","F","B","I","39.91"
"1027543","DEU","F","B","A","116.4"
"1032122","USA","F","B","A","32.41"
"1021764","BRA","M","B","I","71.29"
"1022039","ESP","","A","A","83.2"
"1010396","CAN","F","A","A","143.86"
"1015035","MEX","","B","A","113.51"
"1044718","TUR","F","A","A","21.79"
"1014953","BRA","F","A","I","169.37"
"1043464","BRA","F","B","A","44.89"
"1048273","FRA","F","A","A","118.99"
"1015800","MEX","F","A","A","35.9"
"1029872","USA","M","B","A","23.0"
"1037772","DEU","F","B","A","33.34"
"1021238","BRA","F","B","I","13.42"
"1003640","USA","","A","A","16.62"
"1013398","ESP","F","B","I","13.04"
"1017759","DEU","F","B","A","36.89"
"1029874","DEU","F","B","I","35.98"
"1030971","GBR","F","A","A","75.59"
"1022077","DEU","F","B","A","7.49"
"1030359","TUR","","B","I","91.09"
"1026021","GBR","M","B","I","108.95"
"1028554","USA","M","B","I","56.33"
"1044533","USA","F","A","I","95.41"
"1025126","BRA","O","A","A","28.86"
"1000601","USA","F","A","A","10.79"
"1013944","USA","F","B","A","110.15"
"1029379","USA","F","B","A","33.48"
"1040687","CAN","F","A","A","94.11"
"1015945","USA","F","B","A","28.85"
"1024176","MEX","F","B","I","156.46"
"1032608","USA","F","A","A","98.87"
"1004828","BRA","M","B","A","33.68"
"1011011","CAN","M","B","I","35.41"
"1041459","TUR","M","B","I","69.48"
"1006830","USA","M","B","A","8.81"
"1028444","USA","M","B","I","46.79"
"1015694","MEX","F","B","I","36.46"
"1018689","MEX","M","B","I","98.44"
"1031703","USA","F","A","A","54.44"
"1014804","MEX","M","B","I","123.82"
"1013670","USA","M","B","I","46.06"
"1048557","USA","F","A","I","34.45"
"1025178","USA","F","A","I","31.41"
"1005381","TUR","F","B","A","17.35"
"1030245","DEU","F","A","A","202.8"
"1039003","USA","","A","I","29.36"
"1036756","","M","B","I","94.8"
"1037896","USA","M","A","A","57.62"
"1026180","ESP","M","B","A","156.72"
"1028034","DEU","F","A","I","16.103318225998457"
"1006549","CAN","M","B","I","31.61"
"1000045","USA","F","B","I","51.58"
"1001128","FRA","","B","I","35.57"
"1014890","BRA","","B","A","66.8"
"1043833","DEU","M","A","I","30.2"
"1017303","BRA","F","B","A","59.79"
"1043319","AUS","","B","A","37.76"
"1038119","BRA","","A","I","60.83"
"1004772","CAN","M","B","A","128.91"
"1014982","TUR","O","B","A","38.66"
"1020891","USA","M","B","","96.4"
"1025404","FRA","M","A","I","149.98"
"1041343","ESP","F","B","I","228.2"
"1009587","USA","M","B","A","7.89"
"1030334","USA","M","A","I","78.6"
"1008410","MEX","F","B","I","110.19"
"1017210","BRA","","B","A","48.54"
"1008497","USA","M","B","A","15.186736898065215"
"1045048","BRA","","A","A","40.63"
"1043954","USA","F","B","I","21.31"
"1035837","USA","F","B","I","20.65"
"1040374","USA","M","A","I","6.607413962083772"
"1005242","BRA","","B","A","5.148299097968055"
"1031801","BRA","M","A","I","53.3"
"1043811","MEX","F","B","A","8.55"
"1030941","TUR","F","B","I","69.61"
"1014350","TUR","","A","I","45.07"
"1002056","USA","F","A","A","55.48"
"1018321","USA","M","A","I","117.39"
"1031941","CAN","M","B","I","56.36"
"1016927","","M","B","I","29.24"
"1003153","USA","M","B","A","79.76"
"1028061","USA","","A","I","90.08531390106353"
"1021938","TUR","M","B","I","21.79"
"1043491","USA","F","A","I","82.21"
"1040522","BRA","F","A","A","94.36"
"1012809","DEU","M","B","I","47.82"
"1010948","DEU","M","B","A","64.16"
"1017133","TUR","M","A","I","16.28"
"1018723","USA","F","A","I","86.8"
"1042891","USA","M","B","A","34.1"
"1032065","USA","F","A","A","82.91"
"1023864","","O","B","I","167.86"
"1023126","USA","","B","I","33.58"
"1017407","BRA","F","A","A","46.23"
"1002937","FRA","F","A","A","29.14"
"1011478","BRA","F","A","A","91.1426969070455"
"1000253","DEU","M","B","A","40.32"
"1030904","BRA","M","B","A","42.98"
"1049062","CAN","F","A","A","33.65"
"1049698","DEU","","B","I","92.19"
"1047670","GBR","M","B","I","1.689821874064934"
"1045642","BRA","M","B","I","55.9"
"1045599","DEU","F","A","I","40.48616991871257"
"1043749","DEU","F","A","A","61.65"
"1025708","MEX","","A","A","137.41"
"1023532","ESP","M","B","I","46.42"
"1022222","USA","M","A","A","53.91"
"1043175","USA","M","A","A","53.83"
"1011371","USA","","B","A","29.05"
"1012099","BRA","F","A","A","155.52"
"1001993","DEU","M","B","I","58.66"
"1006245","TUR","M","A","I","34.08"
"1016208","USA","","A","A","26.99"
"1013863","USA","F","B","A","761.1"
"1001606","GBR","M","B","I","18.63"
"1032382","FRA","F","B","I","17.35"
"1006261","TUR","O","B","A","81.83"
"1042470","CAN","M","B","I","89.25"
"1048302","DEU","M","B","A","28.24"
"1009074","BRA","F","A","A","106.38"
"1017293","TUR","M","A","I","22.9"
"1037304","FRA","O","B","A","49.45"
"1022747","DEU","F","B","A","86.27"
"1028610","USA","","A","A","19.032754509247795"
"1029740","USA","M","B","A","24.16"
"1007566","USA","","B","A","41.8"
"1004076","FRA","F","A","I","33.36616828448798"
"1008229","USA","F","A","A","77.06"
"1042092","USA","","A","A","63.27"
"1022629","CAN","F","B","A","63.68"
"1044360","MEX","M","B","A","17.124622938089214"
"1026817","USA","F","A","A","85.85"
"1008173","MEX","O","B","A","37.857478656875514"
"1019212","DEU","F","A","I","110.35"
"1041445","AUS","F","B","A","153.55"
"1049880","TUR","M","A","I","186.69"
"1000436","TUR","F","B","A","25.55"
"1048541","GBR","F","B","A","375.79999999999995"
"1028044","GBR","F","A","A","37.0"
"1012723","FRA","F","B","I","52.73"
"1019375","BRA","F","B","A","22.78"
"1015189","USA","M","B","A","34.58"
"1014011","DEU","M","B","I","150.72"
"1023700","ESP","F","B","I","8.869137505571798"
"1007236","USA","M","A","I","63.35"
"1000454","USA","M","B","I","39.09"
"1036842","USA","F","B","A","52.96"
"1033604","USA","M","A","A","84.91"
"1038905","FRA","F","A","A","109.62"
"1024139","BRA","F","A","A","121.86"
"1015705","BRA","M","B","A","142.7"
"1023296","MEX","F","A","A","56.89"
"1036236","BRA","","B","A","25.52"
"1002010","ESP","M","B","A","45.23"
"1008198","BRA","","B","A","771.9"
"1014150","BRA","F","B","I","131.33"
"1007536","USA","M","B","I","71.01"
"1037156","ESP","F","A","A","26.89"
"1039317","USA","","A","I","24.93"
"1044858","USA","F","B","A","33.99"
"1041018","USA","M","B","A","23.28"
"1046463","USA","M","A","I","84.14"
"1008390","USA","F","B","A","41.42"
"1020689","BRA","F","A","I","32.28"
"1046487","USA","","A","I","41.66"
"1002992","BRA","","B","I","25.8"
"1044812","USA","","A","A","171.5"
"1006140","CAN","F","A","A","87.7"
"1004078","USA","F","B","A","160.82"
"1031387","CAN","F","A","I","86.11"
"1023980","BRA","F","A","I","3.9"
"1023334","DEU","F","A","A","77.68"
"1015175","USA","F","A","A","87.68"
"1022387","BRA","M","B","I","28.38"
"1005820","BRA","M","A","I","61.56"
"1016258","MEX","M","B","I","42.99"
"1019419","USA","F","B","A","24.15"
"1045384","USA","F","B","A","22.38"
"1001461","BRA","F","A","I","50.02"
"1033831","USA","F","B","A","83.88"
"1001206","USA","","B","I","67.11"
"1002400","USA","","A","A","28.3"
"1043711","USA","F","B","A","134.19"
"1022510","TUR","","A","A","109.02"
"1042884","USA","F","A","I","86.65"
"1049396","TUR","M","A","I","48.44"
"1004755","DEU","F","A","I","77.39"
"1002572","BRA","F","B","A","50.5"
"1028466","ESP","F","A","A","67.64"
"1042322","AUS","F","A","I","46.82"
"1014415","MEX","M","B","I","34.26"
"1027519","USA","F","A","I","70.17"
"1011738","MEX","","B","I","53.89"
"1046415","USA","","B","I","49.97"
"1046340","USA","F","A","A","58.53"
"1005593","GBR","F","B","I","114.15"
"1039887","BRA","F","B","A","47.06"
"1015344","MEX","F","A","A","163.56"
"1022374","USA","F","A","I","102.79"
"1004270","USA","","B","I","19.94"
"1038733","MEX","F","B","A","90.78"
"1027240","CAN","M","B","A","104.73"
"1024214","USA","M","A","A","36.44"
"1007230","USA","M","A","A","75.19"
"1027505","USA","","A","A","123.72"
"1044167","USA","","B","I","39.36"
"1004843","BRA","","B","A","144.72"
"1004990","TUR","M","B","","141.0"
"1037488","USA","F","B","A","52.32"
"1046774","USA","M","B","I","67.49"
"1011701","MEX","F","A","I","160.76"
"1002263","FRA","M","B","I","54.28"
"1001656","FRA","F","B","A","42.08"
"1038975","FRA","F","B","I","36.7"
"1031383","BRA","","A","I","40.65"
"1047124","USA","F","B","A","59.18"
"1027184","CAN","F","A","I","130.19"
"1015294","TUR","M","A","I","101.47"
"1019672","TUR","M","B","I","37.53"
"1038750","USA","F","B","I","45.49"
"1020804","USA","M","A","I","104.6"
"1040462","USA","F","B","I","37.88"
"1006224","MEX","F","B","A","59.97"
"1026222","BRA","M","B","I","62.54"
"1012449","USA","M","B","I","18.73"
"1037457","USA","F","A","A","107.42"
"1043685","USA","F","A","A","68.07"
"1013823","USA","M","B","I","45.17"
"1042214","USA","F","B","A","41.29"
"1029768","MEX","M","A","I","28.9"
"1008807","BRA","F","A","I","88.6"
"1008096","MEX","","B","I","23.94"
"1044463","MEX","M","A","I","27.64"
"1042306","USA","F","A","I","100.8"
"1025877","USA","F","B","I","47.88"
"1028308","MEX","M","A","I","145.69"
"1017715","CAN","M","B","A","129.62"
"1031218","TUR","F","A","A","109.2"
"1009232","USA","","A","I","454.20000000000005"
"1038571","BRA","F","A","A","46.95"
"1028184","USA","M","B","A","231.28"
"1023740","BRA","M","A","I","72.57"
"1006421","USA","M","A","I","22.74"
"1032941","TUR","O","B","I","43.45"
"1037243","BRA","F","B","A","91.16"
"1044694","BRA","","B","A","190.91"
"1021291","USA","F","A","A","65.46"
"1044066","USA","F","B","I","185.26"
"1028295","MEX","M","A","I","125.66"
"1035284","USA","","B","A","73.05"
"1019110","BRA","M","A","A","67.48"
"1013272","USA","F","B","I","7.96"
"1021378","MEX","","A","A","42.75"
"1037101","CAN","M","A","A","53.33"
"1030291","USA","M","B","I","74.8478003594863"
"1041137","USA","","A","A","135.91"
"1034129","BRA","M","B","A","26.11"
"1046443","TUR","","A","A","72.32"
"1037734","","F","A","A","25.35"
"1042216","BRA","O","A","A","14.619887435646719"
"1031736","USA","F","B","I","59.24"
"1025432","FRA","M","A","I","53.1"
"1045094","GBR","M","A","I","21.2"
"1043919","MEX","O","A","A","146.86"
"1035508","USA","M","B","A","48.31"
"1031544","BRA","F","A","A","80.88"
"1046454","CAN","M","B","I","50.29"
"1000653","USA","M","A","I","61.84"
"1045082","TUR","F","B","I","75.16"
"1008685","USA","F","B","A","26.98"
"1045347","GBR","F","B","I","188.52"
"1003105","USA","F","A","A","74.87"
"1012276","USA","F","A","I","54.74"
"1041236","BRA","F","B","A","30.62"
"1010496","USA","F","B","A","61.12"
"1005286","GBR","F","B","I","46.26"
"1001723","BRA","","B","A","58.34"
"1045416","DEU","F","B","I","20.48"
"1012365","USA","M","B","I","28.85"
"1037587","CAN","F","B","A","56.02"
"1033328","USA","F","A","I","80.88"
"1007530","DEU","M","B","I","20.44"
"1043763","BRA","","B","A","9.427516529820434"
"1018480","USA","F","B","A","72.32"
"1042864","BRA","F","A","","63.35"
"1028967","BRA","F","B","I","57.34"
"1041787","DEU","F","A","I","1659.4"
"1011373","BRA","","A","I","54.44"
"1040565","BRA","F","A","A","40.37"
"1010502","CAN","F","A","A","26.67"
"1038594","DEU","F","B","A","23.77"
"1001541","USA","M","B","A","79.98"
"1031580","USA","M","A","I","65.57"
"1009818","USA","F","B","I","25.35"
"1046359","BRA","","A","I","78.41"
"1033496","DEU","M","B","A","38.97"
"1008119","TUR","M","A","I","59.01"
"1006877","USA","","B","A","37.16"
"1046947","DEU","F","A","I","34.9"
"1013409","MEX","","B","A","16.32086985980825"
"1045615","GBR","F","A","I","156.71"
"1038380","USA","","A","I","94.05"
"1007782","USA","M","A","I","111.73"
"1036494","USA","F","B","I","21.68"
"1019665","CAN","M","A","A","17.93"
"1049834","USA","F","A","I","160.35"
"1002779","BRA","F","B","I","27.64"
"1039244","USA","M","B","I","48.86"
"1012822","USA","F","B","I","86.88"
"1047128","USA","F","B","I","66.13746070277075"
"1019959","BRA","F","A","I","67.58"
"1019593","USA","M","B","I","69.44"
"1018325","USA","M","B","I","54.84"
"1005204","MEX","F","B","I","10.52"
"1015415","USA","F","B","I","66.15"
"1042972","BRA","F","A","I","14.6"
"1027975","TUR","F","A","I","182.29649190129"
"1046581","FRA","F","A","I","333.79"
"1025477","USA","F","B","I","76.66"
"1031756","MEX","M","B","I","10.75"
"1038566","MEX","F","A","A","19.58"
"1011665","BRA","M","A","I","52.11"
"1018258","MEX","F","A","I","30.0"
"1023957","BRA","F","B","I","0.41117854867575687"
"1045765","USA","M","B","A","60.2"
"1016640","DEU","F","A","A","12.18"
"1025030","MEX","F","B","I","34.63"
"1010330","USA","F","A","I","39.92"
"1014949","BRA","","A","I","190.77"
"1009201","USA","F","A","A","157.13"
"1033644","GBR","","A","I","41.3"
"1021037","ESP","M","B","I","13.568675635443716"
"1026025","USA","M","A","I","16.53081693510135"
"1005999","BRA","F","B","A","44.29"
"1043497","USA","F","B","I","59.27"
"1042672","BRA","F","A","A","18.1"
"1020698","BRA","F","B","I","52.88"
"1008820","MEX","M","A","I","8.19"
"1038528","CAN","F","B","A","89.39"
"1015612","USA","M","A","I","175.0"
"1001090","USA","F","A","I","84.51"
"1003061","USA","F","B","I","135.31"
"1025066","BRA","F","A","A","31.7"
"1028400","MEX","","B","I","64.68"
"1025967","ESP","F","A","I","33.96"
"1025097","GBR","F","B","A","332.48201357945123"
"1024160","DEU","","A","A","75.02"
"1012407","TUR","F","A","A","31.64"
"1038756","BRA","M","A","A","174.74"
"1032725","MEX","F","B","I","32.73"
"1006671","","M","A","A","45.1"
"1040512","USA","M","B","I","90.4"
"1038341","USA","M","A","I","72.89"
"1028453","CAN","M","B","I","28.28"
"1035052","DEU","F","B","I","248.97"
"1046059","BRA","F","B","I","63.27"
"1028100","USA","","B","A","157.15"
"1037261","USA","M","B","I","94.34"
"1005885","TUR","O","B","I","45.093700997372025"
"1030278","USA","F","B","I","20.26"
"1001934","USA","M","A","A","105.29"
"1004042","DEU","F","B","A","56.62"
"1013138","USA","F","A","I","43.02"
"1002977","","M","A","A","11.852108573064815"
"1044775","AUS","M","B","A","62.53"
"1007696","BRA","F","A","A","49.89"
"1017467","MEX","F","B","A","17.22"
"1013416","BRA","F","A","I","100.17"
"1049819","GBR","F","A","I","25.9"
"1020564","MEX","M","B","I","61.32"
"1038848","USA","O","A","A","87.34"
"1028764","USA","","B","I","126.94"
"1004133","TUR","F","B","A","190.37"
"1048763","BRA","F","A","A","62.72"
"1040876","DEU","F","A","I","34.78"
"1033557","FRA","F","B","I","38.9"
"1033117","USA","M","B","A","9.45910552915774"
"1034993","USA","M","A","A","40.262501915247526"
"1004090","USA","","B","I","37.06"
"1030697","BRA","M","A","I","70.82"
"1010490","USA","M","B","I","65.68"
"1026836","USA","","B","A","6.605443882342748"
"1035771","BRA","F","A","I","21.15"
"1034831","USA","F","B","A","121.52"
"1018396","AUS","F","A","A","83.38"
"1047639","BRA","F","A","I","176.67"
"1039543","CAN","M","B","A","105.55"
"1038490","BRA","F","A","A","85.13"
"1041865","USA","","B","I","125.46"
"1037691","USA","M","B","A","154.34"
"1007679","BRA","M","A","I","55.15"
"1013360","USA","M","B","I","110.08"
"1042424","USA","F","B","A","262.29"
"1031698","USA","M","B","I","9.18"
"1049091","ESP","M","B","I","73.79"
"1020103","USA","M","B","A","25.68080564288281"
"1014631","DEU","","A","A","62.5"
"1044441","USA","F","A","A","71.69"
"1002557","USA","F","A","I","41.62"
"1006366","MEX","F","B","I","116.95"
"1044267","GBR","F","A","I","48.1"
"1022491","BRA","M","A","I","79.29"
"1049010","MEX","F","A","I","44.68"
"1002873","DEU","F","B","I","92.72"
"1005391","BRA","F","A","A","54.11"
"1038387","USA","M","A","A","28.5"
"1016583","DEU","F","B","A","56.42"
"1033442","USA","F","B","A","18.49"
"1017475","MEX","","A","I","44.57"
"1008723","FRA","M","B","I","141.28"
"1044910","DEU","M","B","A","69.91"
"1047471","FRA","M","B","A","60.15"
"1001725","USA","M","A","I","38.55"
"1038051","USA","M","A","I","61.87"
"1030293","USA","M","A","I","53.74"
"1037672","BRA","M","B","I","14.63"
"1040677","USA","F","A","I","84.44"
"1002664","USA","F","A","I","88.79"
"1016532","USA","F","B","A","111.43"
"1045399","USA","","B","A","17.45"
"1034737","USA","F","A","A","33.53"
"1016401","USA","","A","I","72.42"
"1016467","USA","","B","I","55.87"
"1026527","USA","M","A","I","213.6"
"1038575","DEU","F","A","A","38.86"
"1022336","DEU","","B","I","17.67765505749724"
"1017445","BRA","M","A","I","23.76"
"1012845","USA","F","B","I","44.74"
"1041944","GBR","M","B","I","23.49"
"1040329","GBR","M","A","I","63.51"
"1000938","BRA","M","A","I","48.48"
"1007778","GBR","M","B","I","101.27"
"1009512","DEU","M","B","I","22.918115347744372"
"1024972","TUR","M","B","A","45.37"
"1034161","USA","F","B","I","48.9"
"1002977","","M","A","A","15.6"
"1048415","USA","M","B","I","61.39"
"1022080","DEU","M","B","A","49.23"
"1027244","USA","F","A","I","123.11"
"1031098","FRA","M","B","A","47.98"
"1037474","BRA","O","B","A","67.24"
"1003959","MEX","","A","I","19.06"
"1003663","BRA","","A","I","164.36"
"1049891","BRA","F","B","A","47.14"
"1028201","USA","","B","I","19.81475782499755"
"1042494","MEX","M","B","I","34.81"
"1014428","DEU","F","A","I","12.701144892993735"
"1019004","MEX","M","B","A","50.18"
"1002998","USA","","A","A","71.48"
"1027689","USA","M","A","I","31.23"
"1008274","CAN","F","A","A","63.88"
"1044284","BRA","F","B","A","70.78"
"1025269","USA","M","B","I","63.69"
"1036967","CAN","F","B","A","41.53"
"1027928","DEU","F","B","I","62.85"
"1038524","USA","F","A","A","47.96"
"1019926","USA","F","A","A","42.8"
"1013300","USA","F","B","A","56.01"
"1030790","USA","F","B","A","35.29"
"1042184","BRA","F","A","I","71.32"
"1018479","USA","F","A","I","88.38"
"1027361","USA","M","A","I","44.75043253552742"
"1010454","USA","F","A","A","64.15"
"1022778","","F","A","A","74.91"
"1003148","BRA","M","B","I","182.71"
"1031344","DEU","","B","I","35.94"
"1048515","BRA","M","B","I","131.65"
"1034444","MEX","F","B","I","57.1"
"1012193","TUR","F","A","A","69.57"
"1015677","FRA","F","A","I","9.48"
"1008105","BRA","M","A","I","121.02"
"1000415","DEU","","B","I","57.69"
"1012594","USA","","A","I","147.18"
"1009333","MEX","M","A","I","96.79"
"1028313","FRA","F","A","A","126.6"
"1009949","USA","M","A","A","45.57"
"1000579","BRA","M","B","A","117.79"
"1007049","","F","A","A","74.47"
"1020563","MEX","F","A","I","90.47"
"1049191","USA","F","A","I","47.89"
"1015747","DEU","M","A","I","40.53"
"1034338","MEX","M","B","I","47.42"
"1030250","BRA","F","A","A","18.47"
"1028134","USA","M","B","A","93.89"
"1028201","USA","","B","I","54.85"
"1035194","USA","F","A","A","126.86"
"1041367","BRA","M","A","A","26.09"
"1047193","DEU","F","B","I","60.44"
"1035025","TUR","M","B","I","44.95"
"1044777","ESP","F","A","A","97.66"
"1011074","FRA","M","B","I","59.74"
"1002794","MEX","","B","A","17.17"
"1038177","USA","M","B","I","19.97"
"1000857","USA","F","A","I","8.33"
"1038608","USA","M","B","A","36.23"
"1047514","USA","F","A","A","34.37"
"1046526","BRA","F","B","I","38.55"
"1020103","USA","M","B","A","164.62"
"1015056","USA","","A","I","24.12"
"1028226","USA","M","B","A","50.24"
"1044815","USA","F","A","A","56.36"
"1027698","BRA","F","A","I","31.0"
"1014436","BRA","M","A","A","53.87"
"1030502","BRA","M","B","I","67.49"
"1009242","ESP","F","B","I","88.94"
"1026581","GBR","F","B","A","28.279176514527688"
"1007388","TUR","F","B","A","15.07"
"1043758","AUS","M","B","I","24.6"
"1010915","FRA","F","B","I","91.49"
"1015771","TUR","F","A","I","47.25"
"1002727","CAN","F","B","I","31.59"
"1047664","TUR","O","A","A","47.9"
"1041210","ESP","F","A","I","151.3"
"1014840","USA","F","A","A","41.02"
"1042745","CAN","F","A","A","161.44"
"1005760","USA","M","B","A","42.82"
"1021165","TUR","F","B","I","102.04"
"1011605","USA","F","A","A","28.47"
"1001855","USA","","A","A","96.6"
"1035457","","M","A","I","40.04"
"1013409","MEX","","B","A","51.16"
"1019649","BRA","M","A","I","100.3"
"1036749","BRA","F","B","A","24.52"
"1039936","USA","M","B","A","95.47"
"1000635","ESP","F","B","I","69.21"
"1046715","USA","","B","A","44.76"
"1015915","FRA","F","A","I","20.13"
"1022976","CAN","F","A","A","31.0"
"1033734","USA","F","B","A","66.86"
"1026793","AUS","M","B","I","32.77"
"1029080","USA","M","A","I","166.71"
"1022762","CAN","F","B","A","15.06"
"1030017","USA","","A","A","114.33"
"1004106","BRA","F","A","A","49.55"
"1038289","GBR","M","A","I","74.07"
"1024931","GBR","F","A","A","53.19"
"1048243","TUR","","B","I","21.43"
"1026607","BRA","F","B","A","25.02"
"1026371","USA","M","A","I","76.21"
"1039797","GBR","F","B","A","97.49"
"1012627","CAN","","B","A","32.61"
"1016741","BRA","F","A","I","15.35"
"1046139","USA","F","B","I","46.65"
"1038825","USA","M","A","A","37.96790692230503"
"1045759","MEX","M","B","A","115.07"
"1045566","USA","F","B","I","35.13"
"1022043","MEX","","B","A","194.4"
"1021171","USA","O","B","A","169.5"
"1023208","USA","F","A","A","11.96"
"1024109","BRA","M","B","I","85.57"
"1008173","MEX","O","B","A","46.01"
"1029920","USA","F","A","I","34.93"
"1035885","USA","F","A","I","215.49"
"1034844","USA","F","A","I","28.52"
"1037255","CAN","M","B","I","30.04"
"1037839","USA","M","B","A","45.8"
"1006156","USA","M","B","A","29.4949166464439"
"1017694","USA","F","B","A","126.78"
"1043645","BRA","M","B","I","178.14"
"1042128","BRA","F","A","I","73.63"
"1004324","GBR","M","B","A","56.25"
"1040660","USA","M","A","A","85.88"
"1037954","USA","F","B","I","60.17"
"1027181","USA","F","A","I","84.19"
"1038986","USA","F","B","I","51.17"
"1021915","MEX","","B","I","95.7"
"1001493","BRA","F","B","I","16.78"
"1004930","CAN","M","A","I","21.36"
"1014367","FRA","M","B","A","138.92"
"1026739","USA","","B","I","97.32"
"1047003","USA","F","B","A","94.07"
"1015896","USA","M","B","A","152.4"
"1045206","USA","F","A","A","13.08"
"1020741","DEU","F","B","I","50.59"
"1044238","BRA","F","A","I","109.89"
"1007625","USA","F","A","I","99.44"
"1000200","USA","F","A","I","166.32"
"1006030","DEU","F","B","A","55.99"
"1033474","BRA","M","B","A","91.66"
"1022775","USA","M","B","I","77.7"
"1020154","BRA","F","A","A","63.92"
"1016402","GBR","F","B","A","65.25"
"1039304","ESP","","A","A","42.35"
"1032228","USA","O","A","A","20.24"
"1028034","DEU","F","A","I","27.3"
"1022206","BRA","M","A","I","141.18"
"1032065","USA","F","A","A","80.40722837298402"
"1047916","ESP","F","B","A","38.63"
"1040626","USA","M","A","I","42.56"
"1037502","TUR","F","A","A","76.99"
"1034864","MEX","","A","I","107.53"
"1023518","USA","M","B","I","47.08"
"1046409","USA","M","A","A","136.63"
"1036211","AUS","F","B","A","42.32"
"1035860","MEX","","B","I","43.0"
"1047241","USA","F","A","A","99.13"
"1038421","USA","F","B","I","45.47"
"1023449","USA","F","A","A","105.21"
"1014924","USA","F","A","A","32.41"
"1045016","USA","F","B","A","48.65"
"1009982","TUR","","B","A","75.44"
"1015758","MEX","","A","I","83.43"
"1031137","GBR","F","A","I","42.69"
"1026459","USA","","B","A","67.51"
"1042889","BRA","M","A","I","41.58"
"1014639","USA","M","B","I","58.21"
"1033981","GBR","F","B","A","126.51"
"1004241","DEU","M","A","A","95.01"
"1027740","USA","F","B","I","52.69"
"1044074","AUS","F","B","A","28.12"
"1010754","USA","","A","A","13.12"
"1019419","USA","F","B","A","20.942774143397003"
"1008167","ESP","","B","A","26.51081022710191"
"1008529","BRA","M","A","I","54.89"
"1011123","MEX","M","B","I","97.58"
"1045020","USA","M","B","I","77.61"
"1037712","MEX","F","A","A","74.61"
"1016925","USA","F","B","I","67.46"
"1004746","TUR","F","B","A","64.58"
"1002316","USA","M","A","I","126.25"
"1041838","BRA","F","A","I","42.079537764559845"
"1001767","MEX","F","B","A","52.4871781121978"
"1046056","FRA","F","B","A","36.35"
"1016921","GBR","F","B","I","44.39"
"1037475","USA","F","B","I","63.83"
"1036447","BRA","F","B","","3.78"
"1048057","BRA","F","B","I","26.89"
"1019002","BRA","F","A","A","113.33"
"1015397","ESP","","B","I","91.72784759568097"
"1021366","ESP","F","B","I","82.6"
"1013846","USA","F","A","A","74.87"
"1031815","USA","M","B","I","22.12"
"1014733","CAN","O","A","A","36.11"
"1002223","DEU","","A","A","41.45"
"1020350","USA","F","A","A","87.43"
"1007936","USA","F","B","I","55.27"
"1001501","BRA","F","B","A","126.67"
"1000523","BRA","F","A","A","89.64"
"1021860","BRA","M","A","I","77.27"
"1015397","ESP","","B","I","108.94"
"1044543","USA","M","B","I","351.5"
"1006543","USA","F","A","I","11.39"
"1006280","DEU","F","A","I","72.31"
"1003681","USA","","B","A","22.51"
"1028782","USA","M","B","I","17.38"
"1028763","USA","F","B","A","12.83"
"1027208","USA","M","A","I","58.27"
"1008954","GBR","M","A","A","50.53"
"1020503","USA","","B","I","43.66"
"1025845","USA","O","A","A","173.67"
"1001200","AUS","F","B","A","24.47"
"1036693","USA","F","B","A","88.96"
"1029294","USA","F","B","A","36.13"
"1000883","USA","M","A","A","65.1"
"1036549","USA","F","B","A","130.07"
"1006119","BRA","","B","I","57.5"
"1013156","USA","F","B","A","48.72"
"1030901","FRA","F","B","A","20.67"
"1015992","USA","F","A","A","142.69"
"1022815","DEU","M","B","I","46.66804792378848"
"1031476","USA","M","B","A","46.13"
"1010259","DEU","F","A","I","84.43"
"1028457","ESP","F","B","I","7.84"
"1047770","DEU","F","B","A","3.6718018846624108"
"1001933","","","A","I","36.2"
"1003766","USA","M","A","I","83.97"
"1043922","DEU","F","A","A","54.91"
"1005712","FRA","","A","I","162.6"
"1023317","ESP","M","B","I","6.975813555295398"
"1009633","USA","F","B","I","61.91"
"1047750","DEU","F","B","I","7.02"
"1002988","USA","F","A","I","120.05"
"1004849","BRA","F","B","I","12.58"
"1005676","MEX","F","A","A","52.34"
"1019756","USA","M","B","I","144.98"
"1025297","USA","M","B","I","30.59"
"1043043","DEU","F","A","A","89.92"
"1040145","CAN","O","B","I","138.39"
"1004201","USA","F","A","A","74.15"
"1025152","TUR","","A","A","144.53"
"1027930","USA","","B","I","71.48"
"1018562","MEX","F","B","I","84.97"
"1047459","ESP","F","B","I","100.72"
"1022097","USA","M","B","A","27.94"
"1002748","TUR","F","A","A","59.33"
"1020416","BRA","F","B","A","32.36"
"1005994","BRA","M","B","A","8.69"
"1011233","BRA","F","B","I","48.14"
"1035574","DEU","M","B","I","39.3"
"1038060","USA","M","B","I","43.85"
"1039816","DEU","M","A","I","111.66"
"1017725","GBR","M","B","A","101.85"
"1045841","","F","A","I","39.64"
"1020236","ESP","M","B","I","82.23"
"1029026","TUR","F","A","I","44.31"
"1011858","BRA","F","B","I","58.05"
"1036286","BRA","F","A","I","65.54"
"1024481","USA","M","B","A","70.02"
"1026684","USA","","A","I","137.1"
"1023532","ESP","M","B","I","36.95333584594188"
"1009595","MEX","","B","I","56.79"
"1048809","TUR","M","A","I","64.38"
"1035115","DEU","M","B","I","1.44"
"1010627","BRA","F","B","A","33.58"
"1001811","FRA","O","A","A","126.86"
"1047318","USA","F","A","A","28.33"
"1018136","USA","F","B","A","67.31"
"1029041","BRA","F","B","A","20.38"
"1024982","MEX","","A","I","158.55"
"1044917","USA","","B","I","31.05"
"1042285","MEX","O","B","I","48.2733810306442"
"1049524","USA","","A","A","45.48"
"1005080","BRA","M","A","A","57.31"
"1031635","MEX","F","B","I","30.77"
"1035682","USA","M","A","A","95.11"
"1040872","MEX","M","B","A","48.63"
"1024548","DEU","F","B","A","45.18"
"1008419","DEU","F","B","I","80.57"
"1039368","FRA","M","B","A","53.22"
"1043835","USA","F","A","A","425.4"
"1042936","USA","F","A","I","151.75"
"1019403","USA","","A","I","16.72"
"1043386","BRA","M","A","I","60.28"
"1023317","ESP","M","B","I","23.14"
"1036929","FRA","","A","I","27.07"
"1022166","BRA","O","B","A","103.08"
"1044813","USA","F","A","A","111.98"
"1044360","MEX","M","B","A","42.05"
"1002751","BRA","F","B","I","111.81"
"1001531","USA","","B","I","45.89"
"1039260","USA","F","B","A","51.39"
"1023121","ESP","","A","I","118.18"
"1024951","USA","M","B","I","38.73"
"1028834","USA","F","A","I","109.28"
"1003347","USA","O","B","I","105.51"
"1043746","DEU","F","A","I","74.05"
"1047939","USA","","B","A","26.96"
"1019805","GBR","M","B","I","131.69"
"1023700","ESP","F","B","I","105.3"
"1017681","BRA","M","B","A","7.32"
"1047334","USA","F","A","I","56.01"
"1022788","USA","M","A","A","98.46"
"1025044","MEX","F","B","I","106.3"
"1038396","","F","B","I","29.951427922362928"
"1020643","TUR","F","A","A","128.92"
"1045345","USA","M","A","A","78.9"
"1000675","USA","M","B","A","68.34"
"1027368","BRA","F","B","A","93.83"
"1036281","ESP","M","B","I","267.8"
"1043855","USA","F","A","I","98.13"
"1006570","USA","M","A","A","15.12"
"1046243","USA","F","A","A","62.18"
"1045726","CAN","F","A","A","102.38"
"1047029","USA","","B","A","113.4493017683502"
"1003823","USA","F","A","I","40.21"
"1037101","CAN","M","A","A","0.8150576432069109"
"1048100","BRA","M","A","I","64.93"
"1031053","FRA","M","A","I","109.69"
"1006152","USA","","A","A","61.54"
"1035057","TUR","","B","I","12.26"
"1042216","BRA","O","A","A","21.8"
"1032254","BRA","M","A","I","156.76"
"1015130","USA","M","A","A","113.67"
"1013329","MEX","","B","I","28.59"
"1046160","TUR","F","B","I","77.78"
"1019937","DEU","F","A","A","180.38"
"1029093","BRA","","A","A","35.64"
"1014717","DEU","","B","I","72.22"
"1011339","DEU","F","B","A","187.48"
"1026967","USA","M","B","I","7.74"
"1041527","DEU","","A","A","50.05"
"1022116","","F","B","A","34.66"
"1033075","USA","F","A","A","29.2"
"1006156","USA","M","B","A","47.84"
"1041583","ESP","","B","I","72.83"
"1047780","TUR","F","A","A","89.07"
"1035057","TUR","","B","I","1.9400200085408048"
"1030869","BRA","M","B","I","42.42"
"1044190","BRA","M","B","I","58.97"
"1039401","FRA","F","A","I","45.3"
"1010155","USA","F","B","I","62.18"
"1049973","MEX","F","B","A","85.93"
"1049009","BRA","M","A","I","140.57"
"1045080","USA","F","A","I","61.68"
"1033448","USA","F","A","I","40.24"
"1038379","USA","M","B","A","107.36"
"1018564","FRA","F","B","A","23.76"
"1038396","","F","B","I","52.42"
"1044844","MEX","F","B","I","93.78"
"1026777","MEX","M","B","A","48.52"
"1021543","USA","","A","I","58.12"
"1008392","USA","F","B","A","135.5"
"1016677","USA","F","B","I","49.2"
"1019688","USA","M","A","I","49.89"
"1022253","BRA","M","A","I","103.07"
"1018736","","","A","A","72.72"
"1004532","MEX","F","B","I","51.2"
"1001591","USA","F","A","A","76.73"
"1044585","BRA","M","B","A","54.75"
"1034257","TUR","M","B","A","97.92"
"1033347","FRA","M","B","I","38.16"
"1020183","BRA","F","A","A","92.98"
"1013480","BRA","F","B","A","12.91"
"1020019","USA","F","A","A","106.58"
"1038651","MEX","F","B","I","46.06"
"1031692","FRA","F","A","I","96.0"
"1020394","USA","","A","I","94.03"
"1033892","USA","O","A","A","80.73"
"1023770","USA","M","A","I","17.22"
"1011035","USA","","A","A","106.67"
"1010347","USA","F","A","A","134.42"
"1003280","TUR","M","A","I","8.33"
"1023462","BRA","F","B","A","59.81"
"1037715","USA","F","A","A","58.32"
"1046442","USA","F","A","A","51.63"
"1006564","USA","M","B","I","67.31"
"1049747","MEX","M","A","I","42.86"
"1008689","BRA","F","B","A","71.05"
"1047092","MEX","M","A","I","27.12"
"1014788","USA","M","A","A","70.16"
"1006239","BRA","F","A","A","118.93"
"1041838","BRA","F","A","I","90.56"
"1035081","USA","F","B","I","43.98"
"1006874","USA","M","B","A","64.85"
"1023580","BRA","M","A","I","16.19"
"1017574","BRA","F","B","A","831.5999999999999"
"1039750","USA","F","A","A","38.04"
"1020140","USA","F","A","A","34.42760475434888"
"1005381","TUR","F","B","A","5.944493784412268"
"1027361","USA","M","A","I","109.09"
"1017087","GBR","","B","I","32.08"
"1009420","BRA","","A","A","91.77"
"1008181","USA","M","B","A","26.2"
"1032083","USA","M","A","I","93.91"
"1026541","BRA","M","A","A","63.47"
"1033710","USA","F","B","A","27.56"
"1020275","TUR","F","B","I","134.49"
"1039865","","M","A","I","27.22"
"1049653","DEU","F","A","I","41.69"
"1046994","MEX","F","B","I","55.73"
"1027570","USA","","A","A","83.8"
"1038336","MEX","F","B","I","77.63"
"1040747","USA","","A","I","48.36"
"1031836","USA","","B","A","9.14"
"1005294","DEU","F","A","A","46.14"
"1025602","USA","M","B","A","62.33"
"1012788","ESP","F","A","A","13.36"
"1014963","ESP","F","A","A","70.08"
"1031273","TUR","F","B","A","38.1"
"1033857","MEX","M","B","I","84.03"
"1019684","GBR","M","A","I","64.53"
"1022103","FRA","F","A","I","94.9"
"1045064","BRA","","A","I","70.7"
"1049048","USA","F","B","A","13.36"
"1046703","USA","","A","A","33.96"
"1028585","FRA","","A","I","41.59"
"1043540","USA","F","A","I","70.21"
"1012282","BRA","F","A","I","38.23"
"1041356","BRA","","A","I","71.92094497917796"
"1048857","USA","O","A","A","109.67"
"1027837","USA","F","B","A","155.15"
"1009686","BRA","F","A","I","49.27"
"1034148","USA","M","A","I","64.41"
"1047661","DEU","F","A","A","41.15915020606923"
"1010867","CAN","F","A","A","73.29225114503286"
"1047670","GBR","M","B","I","65.46"
"1009447","BRA","F","A","A","89.59"
"1045091","GBR","M","A","I","41.79"
"1004612","USA","F","B","A","27.62"
"1010394","MEX","F","B","A","107.22"
"1025830","BRA","","A","A","33.76"
"1007218","USA","F","B","A","65.8"
"1035747","DEU","M","B","I","44.67"
"1044992","","F","B","I","139.33"
"1035112","MEX","F","B","I","26.95"
"1009266","USA","M","B","A","23.81"
"1032265","USA","","B","I","38.92"
"1001091","CAN","M","A","I","47.78"
"1016134","USA","F","B","A","18.76"
"1047194","FRA","F","A","I","180.65"
"1033247","MEX","M","B","A","66.44"
"1034029","MEX","","A","I","106.53"
"1028294","USA","F","A","I","17.63"
"1009245","USA","M","B","I","16.03"
"1012828","BRA","F","B","I","18.59"
"1014163","BRA","F","A","I","28.3"
"1005742","USA","F","A","A","52.04"
"1033177","BRA","","A","A","41.32"
"1047741","DEU","F","B","A","3.5310864184359043"
"1024144","GBR","F","B","I","14.493893753915321"
"1006191","FRA","F","B","A","29.97"
"1018405","MEX","F","A","A","49.91"
"1007930","USA","M","B","A","81.66"
"1029630","AUS","F","A","A","52.56"
"1031570","FRA","","B","A","23.55"
"1027401","USA","F","B","I","425.90000000000003"
"1021426","AUS","F","A","A","19.03"
"1022401","BRA","F","B","A","17.45"
"1024935","USA","F","A","I","6.13"
"1022805","GBR","M","B","I","1546.3"
"1048757","TUR","M","A","I","115.44"
"1027780","FRA","F","B","I","39.64"
"1027437","BRA","F","A","A","31.97"
"1049191","USA","F","A","I","26.330156189191094"
"1000868","BRA","","A","I","45.92"
"1027529","CAN","F","B","I","69.52"
"1003221","FRA","M","B","I","73.97"
"1045701","USA","M","A","I","29.12"
"1032121","USA","M","B","I","30.645183956091085"
"1044235","USA","M","B","A","37.14"
"1016880","TUR","F","A","A","53.3"
"1005689","MEX","M","B","I","33.52"
"1004362","USA","M","A","A","92.13"
"1009288","BRA","F","B","I","1094.8"
"1035619","MEX","F","A","I","50.9"
"1000417","DEU","F","B","A","45.06"
"1019343","FRA","F","A","A","92.4"
"1043470","DEU","M","B","A","45.72"
"1016878","GBR","F","B","A","43.25"
"1011628","CAN","","B","I","39.32"
"1049616","USA","","B","I","53.03"
"1015971","USA","F","A","A","120.2"
"1044528","BRA","M","A","I","37.45"
"1032700","BRA","","A","I","25.13"
"1002055","USA","F","B","I","28.77"
"1007218","USA","F","B","A","22.19417032591272"
"1012567","BRA","M","A","A","148.6"
"1044815","USA","F","A","A","21.160537266369754"
"1044387","USA","","B","A","31.99"
"1007901","USA","F","A","A","47.3"
"1023027","USA","F","A","I","111.38"
"1041500","CAN","F","A","I","78.86"
"1045583","USA","M","A","I","105.74"
"1023955","USA","M","A","A","56.01"
"1023508","CAN","F","B","I","30.28"
"1005514","BRA","","A","A","50.81"
"1001949","BRA","F","B","A","74.71"
"1042741","USA","","B","A","127.55"
"1003595","BRA","M","B","I","18.11"
"1011760","BRA","F","B","A","35.72"
"1048571","BRA","M","B","I","20.77"
"1001425","USA","M","B","A","309.8"
"1001039","DEU","F","B","I","31.45"
"1046286","BRA","","A","I","18.05"
"1014920","FRA","F","A","I","92.32"
"1031157","USA","F","A","A","110.67"
"1009672","MEX","M","B","A","101.1"
"1017127","USA","","A","I","25.95480517338635"
"1034036","BRA","F","A","A","14.62"
"1012338","USA","","A","I","97.48"
"1043666","USA","F","B","A","7.52"
"1028578","","F","A","A","99.46693181985906"
"1013979","MEX","F","B","I","23.43"
"1022653","BRA","F","A","A","31.09"
"1011461","BRA","F","A","I","33.5"
"1003697","BRA","","A","I","85.52"
"1021706","TUR","F","B","A","84.55"
"1029358","TUR","F","A","I","9.0"
"1022857","MEX","M","B","I","27.89"
"1031823","MEX","F","B","I","111.57"
"1000160","USA","F","A","A","35.34"
"1008920","DEU","","B","A","123.7"
"1038233","USA","","B","A","47.59"
"1011286","DEU","M","B","I","15.930519966488214"
"1019755","BRA","F","B","A","84.37"
"1018488","BRA","M","A","A","29.83"
"1031208","CAN","M","A","I","49.04292787883358"
"1011210","BRA","M","B","I","19.85"
"1027116","USA","","B","I","93.03"
"1047400","BRA","","B","I","27.63"
"1029758","MEX","F","B","I","201.96"
"1037611","MEX","F","B","A","23.14"
"1038280","USA","F","B","A","25.14624804088384"
"1004456","TUR","F","B","I","29.21"
"1010514","USA","M","B","A","58.16"
"1035511","USA","M","A","I","74.73"
"1012381","BRA","F","B","I","55.72"
"1049894","BRA","F","A","I","34.05"
"1028348","BRA","F","B","A","87.9"
"1016120","BRA","M","B","I","78.56"
"1030986","TUR","F","B","I","59.59"
"1043573","TUR","F","B","A","97.69"
"1006403","USA","","B","I","62.27"
"1001946","USA","M","A","I","115.92"
"1017150","","F","A","A","23.64"
"1041405","AUS","M","B","I","19.23"
"1035978","USA","F","B","A","14.07"
"1013951","USA","M","A","A","53.45"
"1008729","USA","F","B","A","20.91"
"1033206","DEU","","B","I","25.12"
"1028610","USA","","A","A","67.11"
"1006936","USA","O","B","I","40.23"
"1028970","USA","","A","A","5.663813278749249"
"1030458","BRA","","B","I","40.97"
"1017895","BRA","F","B","A","34.13"
"1021115","TUR","F","B","I","189.91"
"1000908","GBR","F","B","I","78.7"
"1038098","MEX","F","B","A","579.0999999999999"
"1041077","USA","","A","A","16.7"
"1047051","BRA","","B","A","28.27"
"1032121","USA","M","B","I","65.94"
"1013995","DEU","F","A","I","23.43"
"1016374","BRA","F","A","I","14.239298405869011"
"1033298","USA","O","B","A","13.93"
"1007651","BRA","F","A","A","54.81704500186865"
"1005912","CAN","F","B","I","47.43"
"1041905","USA","M","B","I","29.22"
"1028514","USA","M","A","A","38.19"
"1006499","USA","F","B","I","36.43"
"1025974","TUR","F","A","I","67.31"
"1038282","USA","M","B","A","176.86"
"1026683","BRA","F","B","I","32.93"
"1000510","MEX","M","B","A","16.92"
"1046967","TUR","F","A","A","33.9"
"1032045","BRA","M","A","I","168.01"
"1046264","CAN","F","B","A","109.6"
"1015957","MEX","","A","I","49.24"
"1021013","USA","F","B","A","40.74"
"1035887","MEX","","A","A","73.25"
"1016223","BRA","F","A","A","682.3000000000001"
"1045561","USA","M","A","I","40.74"
"1022210","GBR","M","B","I","30.65"
"1018799","BRA","","B","I","78.86"
"1020593","BRA","F","A","A","101.78"
"1026189","USA","F","B","I","53.97"
"1049225","BRA","F","A","I","28.98"
"1003440","USA","F","B","I","172.96"
"1033706","GBR","M","A","I","98.17"
"1016632","USA","","A","A","114.09"
"1022467","CAN","M","A","A","193.85"
"1011169","BRA","M","B","I","98.37"
"1014741","MEX","F","A","A","41.51"
"1038789","FRA","M","A","I","37.06"
"1028184","USA","M","B","A","7.925177594223594"
"1022823","USA","","A","A","14.57"
"1045885","TUR","M","A","I","102.81"
"1026414","CAN","M","A","A","47.43"
"1012350","AUS","M","A","I","82.37"
"1011720","TUR","F","A","I","72.35"
"1045773","BRA","F","A","A","16.41"
"1026885","FRA","","A","A","12.915163970642874"
"1029281","USA","M","B","I","31.93"
"1007858","USA","F","B","I","33.42"
"1040680","USA","F","A","I","40.62"
"1046167","USA","F","A","I","71.87"
"1012607","USA","F","B","A","12.15"
"1045210","USA","","B","A","87.92"
"1027071","MEX","M","A","I","58.28"
"1041435","GBR","F","A","I","110.96"
"1031928","MEX","M","A","I","86.56"
"1003831","MEX","F","A","I","46.81"
"1023957","BRA","F","B","I","7.16"
"1001962","MEX","F","B","A","138.38"
"1003376","CAN","F","B","A","67.36"
"1045400","MEX","F","B","I","26.72"
"1042697","BRA","F","B","I","92.64"
"1035383","BRA","M","B","A","33.41"
"1002988","USA","F","A","I","51.566548420719805"
"1013329","MEX","","B","I","20.191381430051546"
"1040039","USA","F","A","A","30.53"
"1010840","DEU","F","A","A","48.73"
"1024160","DEU","","A","A","52.74162826103768"
"1014234","USA","M","A","I","53.17"
"1011998","CAN","M","B","A","105.03"
"1008575","USA","F","B","I","18.83"
"1008271","USA","F","B","A","50.41"
"1010765","DEU","M","B","A","37.95"
"1037159","TUR","","B","I","54.44"
"1023513","TUR","F","A","A","53.82"
"1026343","AUS","M","B","I","136.8"
"1037494","ESP","F","A","A","125.92"
"1016793","TUR","F","B","A","60.41"
"1017563","TUR","M","A","I","15.51"
"1003395","ESP","F","A","I","102.44"
"1004782","USA","M","A","A","145.6"
"1024720","ESP","M","A","I","42.88"
"1011148","BRA","F","A","I","52.5"
"1023705","MEX","F","A","A","7.108291750197485"
"1030844","DEU","","B","I","33.75"
"1035948","FRA","F","B","I","42.03"
"1003516","USA","","B","A","61.73"
"1008965","USA","","B","I","91.83"
"1030428","USA","","A","A","55.39"
"1032680","USA","M","A","A","58.79"
"1001833","BRA","F","B","A","111.02"
"1037385","TUR","F","A","A","106.92"
"1009627","AUS","F","A","I","153.94"
"1009254","USA","F","B","I","125.9"
"1038018","BRA","F","B","A","34.38"
"1038031","MEX","M","B","A","70.38"
"1007038","ESP","F","B","A","99.02"
"1029796","MEX","M","B","I","54.54"
"1002492","BRA","F","A","A","188.92"
"1007150","MEX","M","B","I","64.2"
"1029639","USA","F","A","A","29.35"
"1026157","USA","F","A","I","72.44"
"1021442","BRA","F","B","A","34.35"
"1015909","USA","F","B","A","12.03"
"1028876","USA","F","B","A","28.51"
"1029326","USA","","B","A","122.58"
"1022989","FRA","","A","A","124.12"
"1000863","ESP","M","A","I","45.91"
"1032365","FRA","","B","I","8.83"
"1031240","DEU","F","A","A","103.06"
"1016138","BRA","","B","I","45.83"
"1002553","USA","M","A","I","37.13"
"1024658","CAN","O","A","I","35.56"
"1030680","USA","F","A","A","15.86"
"1044901","MEX","","A","A","64.63"
"1025743","USA","F","B","I","67.99"
"1018602","MEX","F","A","I","31.0"
"1028154","USA","F","B","I","105.69"
"1022021","MEX","F","A","I","25.46"
"1035069","MEX","F","A","A","111.25"
"1020808","USA","","B","I","23.51"
"1011453","","M","B","A","69.09"
"1045454","MEX","F","B","I","56.32"
"1037215","DEU","F","A","I","80.31"
"1023763","GBR","F","A","I","17.58"
"1013001","ESP","F","B","I","52.2"
"1048575","FRA","M","B","I","41.28"
"1038758","USA","M","A","A","26.28"
"1035888","DEU","F","B","I","9.72"
"1034993","USA","M","A","A","49.63"
"1034168","DEU","F","B","A","70.46"
"1015634","BRA","M","B","A","28.83"
"1012178","MEX","F","B","I","104.85"
"1024874","TUR","M","B","A","48.86"
"1041892","USA","M","A","A","5.56"
"1039331","ESP","F","A","I","18.0"
"1029709","USA","M","A","I","48.24"
"1042039","GBR","F","A","I","73.61"
"1019209","GBR","F","B","I","59.81414560496862"
"1022824","BRA","F","A","I","128.88"
"1044865","USA","M","B","I","37.75"
"1035089","MEX","","B","I","32.89"
"1047163","USA","F","A","I","97.57"
"1010894","DEU","M","A","I","119.33"
"1016801","BRA","F","B","I","25.38"
"1025802","BRA","F","A","I","55.95"
"1004897","BRA","F","B","I","116.22"
"1014718","FRA","F","B","A","26.98"
"1025024","TUR","F","A","I","141.86"
"1038646","USA","M","A","A","42.05"
"1023705","MEX","F","A","A","39.7"
"1022845","MEX","F","A","I","67.02"
"1019970","BRA","","A","I","124.22"
"1026744","BRA","F","A","I","14.17"
"1014892","GBR","F","A","I","41.82"
"1040066","USA","F","B","A","22.5"
"1025834","USA","","B","A","4.9284944442487175"
"1001975","USA","F","A","A","61.1"
"1007779","USA","","A","A","26.13"
"1030470","CAN","M","A","I","72.83"
"1040844","BRA","","A","I","161.8"
"1011140","GBR","O","A","A","291.9"
"1024518","BRA","M","A","A","215.42"
"1015793","USA","M","A","I","40.24"
"1048763","BRA","F","A","A","28.852133712991872"
"1044036","USA","F","B","I","76.29"
"1032927","USA","M","A","I","62.82"
"1045426","CAN","F","B","I","57.73"
"1035073","USA","","B","I","188.31"
"1038929","TUR","M","B","I","95.84"
"1047029","USA","","B","A","116.36"
"1045065","MEX","M","B","A","48.43"
"1013758","USA","M","B","A","163.06"
"1010091","USA","M","A","A","55.83"
"1017711","USA","M","B","I","73.34"
"1036126","USA","F","A","A","75.31"
"1014515","USA","M","B","I","139.73"
"1049659","USA","","A","I","447.59999999999997"
"1016079","USA","","A","I","54.61"
"1005045","FRA","F","B","A","119.72"
"1017127","USA","","A","I","40.1"
"1021514","MEX","F","A","I","36.13"
"1044458","USA","F","B","A","95.93"
"1027268","USA","M","B","A","70.43"
"1043407","","M","B","I","151.43"
"1016032","BRA","F","A","A","14.74"
"1043628","BRA","","A","I","65.78"
"1044364","MEX","M","B","I","23.05"
"1030292","USA","F","A","A","74.65"
"1019907","TUR","F","A","A","745.8"
"1003914","ESP","F","B","I","93.94"
"1049874","USA","M","A","I","29.89"
"1042868","MEX","F","B","I","39.24"
"1000162","BRA","M","A","A","52.92"
"1031637","USA","F","A","I","88.75"
"1009337","MEX","M","B","I","123.5"
"1039274","TUR","F","B","A","96.09"
"1019563","BRA","F","B","I","69.09"
"1048538","USA","F","A","I","72.18"
"1043951","DEU","O","B","I","18.4"
"1047082","GBR","F","A","I","60.94"
"1027584","TUR","F","A","I","56.67"
"1024733","DEU","M","B","I","65.73"
"1017750","DEU","F","A","A","57.32"
"1027728","AUS","F","B","I","71.17"
"1035289","FRA","F","B","A","96.56"
"1030291","USA","M","B","I","77.5"
"1004512","USA","M","B","A","49.17"
"1028191","BRA","F","B","A","6.42"
"1026003","ESP","F","A","I","82.82"
"1038005","BRA","F","B","A","59.91"
"1000071","USA","F","B","I","6.71"
"1003699","","F","B","A","7.54"
"1046160","TUR","F","B","I","43.63301442056291"
"1016208","USA","","A","A","22.70488748678611"
"1037656","CAN","F","B","A","51.55"
"1040722","GBR","F","B","A","29.120978826812653"
"1010558","FRA","M","B","I","40.88"
"1016821","TUR","","A","I","82.93"
"1017201","MEX","F","B","A","13.74"
"1007136","USA","F","A","A","85.12"
"1023475","USA","F","A","A","42.57"
"1007467","BRA","M","B","A","70.83"
"1013201","MEX","","A","A","66.0"
"1021061","USA","M","B","A","48.41"
"1009105","BRA","F","A","I","158.77"
"1040429","MEX","F","A","I","43.63"
"1017857","USA","M","B","I","159.66"
"1012037","USA","M","B","I","105.09"
"1017637","FRA","F","B","A","49.23"
"1023352","FRA","F","A","I","31.86"
"1023987","USA","F","B","I","128.66"
"1047303","BRA","M","A","I","25.99"
"1022767","","M","B","A","45.41"
"1018350","GBR","M","A","I","54.21805632131091"
"1041473","GBR","F","A","I","65.88861435166386"
"1040886","USA","M","A","A","68.02"
"1000141","BRA","M","A","A","11.49"
"1005960","BRA","F","A","I","89.59"
"1047570","TUR","","B","I","115.09"
"1016009","USA","F","B","A","14.849041392284665"
"1019349","USA","","B","I","20.578247462917652"
"1021115","TUR","F","B","I","83.06154532429385"
"1010886","GBR","M","B","I","41.32"
"1008409","FRA","F","A","A","147.05"
"1047661","DEU","F","A","A","69.01"
"1015794","USA","M","B","A","52.31"
"1016001","MEX","F","B","A","59.65"
"1008965","USA","","B","I","57.58095584660367"
"1027975","TUR","F","A","I","248.2"
"1037204","USA","M","B","I","39.94"
"1037673","ESP","O","A","I","188.8"
"1044373","USA","F","A","A","45.49"
"1031305","BRA","F","B","I","67.24"
"1043070","FRA","M","A","A","89.09"
"1042173","USA","","B","A","52.93"
"1021288","USA","M","B","A","36.71"
"1035067","MEX","","B","A","86.64"
"1012723","FRA","F","B","I","9.623876329714236"
"1029406","USA","M","B","A","36.72"
"1026097","BRA","F","B","A","79.91"
"1020368","USA","F","A","I","29.65"
"1037062","DEU","M","A","I","142.72"
"1038025","DEU","F","A","I","11.93"
"1021615","MEX","F","B","A","35.99"
"1047741","DEU","F","B","A","44.77"
"1000945","ESP","M","A","I","41.06"
"1035892","DEU","M","B","A","40.69"
"1043531","BRA","F","B","A","17.54"
"1010638","FRA","M","B","I","14.69"
"1005563","USA","F","A","I","106.92"
"1047007","USA","F","B","I","47.789561970201476"
"1031504","DEU","F","A","I","35.47"
"1004239","USA","","B","I","22.73"
"1003488","BRA","M","A","I","255.66"
"1014163","BRA","F","A","I","12.133512959120257"
"1040374","USA","M","A","I","26.64"
"1012163","BRA","F","A","A","26.02"
"1002807","MEX","","A","A","178.88"
"1018309","TUR","F","B","I","86.38"
"1020325","USA","M","A","I","615.2"
"1019707","MEX","F","B","A","85.05"
"1020004","USA","","A","I","118.66"
"1004985","USA","","B","A","73.98"
"1042373","USA","M","A","I","16.49"
"1047169","USA","M","B","A","76.16"
"1026338","DEU","M","A","A","76.05"
"1001424","FRA","F","B","A","69.73"
"1043748","TUR","M","A","I","30.02"
"1020140","USA","F","A","A","35.22"
"1025283","AUS","F","B","I","164.58"
"1045788","USA","F","A","I","10.9"
"1002348","USA","M","A","I","26.69"
"1039688","FRA","F","B","I","67.63"
"1023067","USA","F","A","I","130.77"
"1005159","BRA","F","B","A","60.23"
"1044737","MEX","F","B","A","16.38"
"1004284","USA","","B","I","77.25"
"1009783","USA","M","B","A","39.24"
"1004777","FRA","F","B","A","32.54"
"1027465","BRA","","B","A","38.17"
"1032141","USA","M","A","I","128.52"
"1044735","USA","O","B","I","32.07"
"1008511","USA","","B","I","48.16"
"1035252","FRA","M","A","A","46.88"
"1032165","USA","F","B","I","75.93"
"1002509","GBR","","A","I","46.55"
"1007297","MEX","O","A","I","104.43"
"1042287","DEU","F","A","I","109.23"
"1024506","TUR","F","A","I","29.55"
"1036803","USA","M","B","A","109.58"
"1008497","USA","M","B","A","23.65"
"1047196","DEU","","A","I","98.66"
"1044398","ESP","M","A","I","62.94"
"1041401","CAN","","A","I","30.68"
"1032056","BRA","","B","A","39.04"
"1017896","USA","M","A","A","17.75"
"1011559","USA","F","B","A","39.5"
"1011474","USA","F","A","A","152.09"
"1023677","MEX","F","B","A","20.59"
"1006290","ESP","F","B","I","215.99"
"1012662","BRA","F","B","I","95.02"
"1002531","USA","M","B","A","30.77"
"1030815","MEX","F","B","I","116.19"
"1030836","USA","F","A","A","126.3"
"1006865","USA","","B","A","20.75"
"1005931","BRA","F","A","A","68.31"
"1024908","MEX","F","B","I","75.19"
"1028315","USA","M","B","I","84.46"
"1025941","USA","M","B","I","62.94"
"1000123","DEU","","B","I","100.74"
"1020902","USA","F","B","A","32.19"
"1006127","USA","F","B","I","100.34"
"1001298","TUR","M","A","I","75.93"
"1021595","USA","F","A","I","131.61"
"1019693","USA","M","B","A","23.2"
"1041988","ESP","","A","I","90.88"
"1021090","USA","M","B","A","34.81"
"1036379","AUS","F","A","A","88.32"
"1005676","MEX","F","A","A","7.7923786251987055"
"1013250","BRA","F","B","I","3.59"
"1006881","BRA","M","B","I","40.38"
"1047128","USA","F","B","I","170.87"
"1007688","USA","F","A","I","95.57"
"1029235","CAN","F","B","A","121.26"
"1045330","MEX","M","B","I","114.48"
"1042836","TUR","F","B","I","22.26"
"1036673","CAN","F","B","A","36.96"
"1000930","DEU","F","A","A","114.56"
"1017755","USA","","B","A","37.23"
"1011722","USA","F","A","I","49.37"
"1043139","DEU","","B","A","30.79"
"1035283","USA","F","B","I","24.09"
"1014511","USA","M","B","I","154.95"
"1025382","DEU","M","A","I","62.54"
"1001622","BRA","","A","A","66.1"
"1037910","TUR","F","A","I","95.12"
"1046563","DEU","M","B","A","13.43"
"1008665","DEU","F","B","A","58.9"
"1010014","DEU","F","B","I","24.27"
"1029147","MEX","","B","A","138.27"
"1043953","USA","F","B","I","72.06"
"1015840","BRA","F","A","I","70.46"
"1034005","FRA","","B","I","11.804334476615535"
"1049443","TUR","F","B","A","12.98"
"1017359","USA","M","A","I","24.83"
"1010625","USA","F","B","A","116.4"
"1025285","USA","M","A","I","23.23"
"1009512","DEU","M","B","I","64.97"
"1036568","TUR","","B","I","41.58"
"1035771","BRA","F","A","I","18.15917770214083"
"1022829","USA","F","B","A","10.05"
"1011227","USA","M","B","A","19.72"
"1037220","USA","F","A","I","65.92"
"1039566","USA","F","B","I","28.06"
"1034447","USA","F","B","I","45.15"
"1020052","DEU","M","B","I","15.82"
"1040570","USA","M","B","A","85.94"
"1031254","BRA","M","A","I","123.25"
"1049747","MEX","M","A","I","13.51786666280735"
"1006365","USA","F","A","A","33.83"
"1048979","BRA","M","A","I","65.79"
"1027792","TUR","","B","I","42.17"
"1023992","USA","F","A","A","24.7"
"1026258","MEX","M","A","A","76.06"
"1041346","USA","O","A","A","62.7"
"1003127","MEX","M","B","I","139.73"
"1031763","MEX","","A","A","105.7"
"1010769","TUR","F","B","A","60.78"
"1035407","GBR","M","B","I","139.24"
"1015752","USA","F","A","I","46.02"
"1027442","USA","F","B","I","42.82"
"1016010","USA","F","A","A","38.16"
"1033211","USA","F","B","A","69.87"
"1020727","TUR","","A","A","42.46"
"1002983","USA","","B","I","46.68"
"1036182","TUR","F","A","A","132.0"
"1022698","FRA","","A","A","75.79"
"1000269","USA","M","A","A","116.29"
"1002061","DEU","M","B","A","67.95"
"1038852","USA","M","B","A","53.4"
"1032843","USA","F","B","I","58.83"
"1014814","DEU","F","A","A","66.94"
"1013747","USA","F","B","I","74.76"
"1020770","USA","F","B","I","39.29"
"1042285","MEX","O","B","I","99.28"
"1026601","","M","B","A","108.21"
"1036174","BRA","O","A","I","195.46"
"1049927","AUS","F","A","A","52.03"
"1033983","USA","M","B","A","18.49"
"1026797","BRA","F","A","A","55.84"
"1013098","USA","F","B","A","60.18"
"1041035","MEX","F","A","I","63.79"
"1036849","USA","F","A","A","57.35"
"1042958","MEX","F","B","A","43.7"
"1015342","GBR","M","B","I","142.35"
"1023283","USA","F","B","A","52.7"
"1015292","USA","M","A","A","14.02"
"1029973","USA","F","B","A","72.43"
"1018296","FRA","F","B","A","72.84"
"1048862","USA","F","A","A","64.8"
"1030624","TUR","M","B","I","6.35"
"1010503","BRA","M","A","I","31.39"
"1000623","USA","F","A","A","61.29"
"1018030","USA","","A","A","30.01"
"1042989","USA","F","B","I","40.41"
"1005162","MEX","F","B","A","74.95"
"1049319","BRA","F","B","A","35.63"
"1026786","USA","F","A","A","91.66"
"1024704","TUR","M","B","I","101.16"
"1044133","ESP","M","B","I","33.95"
"1009065","DEU","F","A","A","102.57"
"1012655","MEX","F","B","A","39.75"
"1026693","BRA","M","B","I","26.46"
"1019406","CAN","F","B","I","25.31"
"1045489","BRA","M","B","I","80.4"
"1003168","USA","F","B","I","91.16"
"1012463","USA","M","B","A","63.83"
"1011497","USA","M","A","A","91.35"
"1022263","FRA","","A","I","119.33"
"1019388","TUR","F","B","A","43.07"
"1047793","USA","M","B","A","30.51"
"1005084","USA","M","A","I","147.63"
"1033161","USA","F","A","A","134.09"
"1006417","GBR","","B","I","58.12"
"1048037","USA","","B","A","53.27"
"1023414","USA","F","A","I","44.69"
"1003875","USA","","B","I","233.25"
"1045677","USA","F","B","A","62.51"
"1044067","USA","","B","I","73.41"
"1003174","MEX","F","A","I","86.70122870620465"
"1020082","","M","B","A","80.62"
"1035132","USA","M","B","A","217.72"
"1043533","AUS","M","B","I","85.71"
"1025105","MEX","","A","I","61.17"
"1029586","FRA","F","B","I","46.15"
"1016572","BRA","M","B","A","37.08"
"1010980","USA","F","B","A","17.74"
"1045742","GBR","","B","A","49.05"
"1034578","USA","F","A","I","61.61"
"1026112","USA","","A","I","37.2"
"1012016","ESP","F","B","A","86.58"
"1029937","USA","F","B","I","92.09"
"1017467","MEX","F","B","A","13.635872789329841"
"1027750","USA","F","B","A","57.49"
"1035770","DEU","M","B","I","40.81"
"1044785","MEX","F","B","I","14.43"
"1047533","BRA","F","A","I","3.17"
"1003569","CAN","F","B","A","41.89"
"1030777","MEX","","A","I","149.96"
"1028873","CAN","M","A","A","58.61"
"1011478","BRA","F","A","A","97.23"
"1043465","FRA","M","B","A","38.21"
"1004743","MEX","F","B","A","71.8"
"1028218","ESP","","B","A","71.2"
"1046900","TUR","F","A","A","80.14"
"1017566","GBR","F","A","A","165.14"
"1005530","DEU","F","A","I","35.57"
"1037296","BRA","M","A","I","110.28280906854296"
"1008546","USA","F","B","I","99.41"
"1027666","GBR","F","A","A","12.38"
"1033250","BRA","F","A","I","168.85"
"1025081","TUR","","A","I","91.16"
"1049473","USA","M","B","A","142.59"
"1036125","BRA","F","A","I","126.81"
"1008908","USA","F","A","I","71.38"
"1024656","USA","F","B","I","18.7"
"1013124","USA","","B","I","20.58"
"1026041","USA","F","A","A","88.26"
"1001052","CAN","F","A","I","47.86"
"1003452","BRA","F","A","I","46.62"
"1019868","USA","F","A","I","128.74"
"1036452","DEU","M","A","I","138.89"
"1001477","USA","M","B","I","106.65"
"1036615","USA","M","A","I","88.61"
"1049704","USA","F","A","I","405.79999999999995"
"1008817","USA","F","B","I","78.42"
"1037863","MEX","","B","I","80.82"
"1008347","USA","F","B","A","56.01"
"1047007","USA","F","B","I","51.34"
"1022815","DEU","M","B","I","56.82"
"1043302","USA","F","B","I","75.0"
"1045250","USA","M","A","A","176.86"
"1005885","TUR","O","B","I","176.76"
"1026836","USA","","B","A","27.22"
"1000261","TUR","F","A","A","205.98"
"1047512","USA","M","A","A","97.59"
"1026141","USA","F","B","I","111.63"
"1024005","USA","F","A","A","105.64"
"1021145","TUR","F","A","I","57.75"
"1002198","USA","F","A","I","34.59"
"1028961","USA","M","A","I","220.27"
"1010505","USA","F","A","I","58.42"
"1034752","USA","M","B","A","64.4"
"1040335","MEX","M","A","I","97.67"